case,earthquake,site,liquefied_raw,data_class,crit_depth_m,water_depth_ft,sigma_v_psf,sigma_eff_psf,rd,amax_g,Mw,CSR_cetin,FC,N1_60,N1_60cs,sigma_eff_kpa,sigma_v_kpa,y,CSR_mine,CRR_BI2014,FS_BI2014,pred_liq,score_liq
1.0,1944 Tohnankai M=8.0,Ienaga,Yes,B,4.2672,8.0,1460.0,1085.6,0.874484167935057,0.2,8.1,0.15288973385600024,72.5,2.190479236214506,5.418124658496085,51.978809061839996,69.905177994,1.0,0.15288973385600024,0.09107870619307107,0.5957149894632813,1,1.6786550912559135
2.0,1944 Tohnankai M=8.0,Komei,Yes,B,3.4753600000000002,6.430446194225722,1214.7847769028872,904.5535958005249,0.9690444150990508,0.2,8.1,0.16918118857647993,9.666666666666666,8.892251935138628,9.891872291568328,43.310260355855085,58.16420962588898,1.0,0.16918118857647993,0.12207319556556104,0.7215530083025555,1,1.3858995645413321
3.0,1944 Tohnankai M=8.0,Meiko,Yes,B,1.9938399999999998,1.6404199475065615,703.1574803149605,397.331968503937,0.9220490888785406,0.2,8.1,0.2121272626149009,19.333333333333332,3.6269586357587875,5.456221823632948,19.024357521215148,33.667362204951964,1.0,0.2121272626149009,0.09551467926036264,0.4502706445317284,1,2.220886509357007
4.0,1948 Fukui M=7.3,Shonenji Temple,Yes,B,2.57556,3.9370078740157477,912.6948818897637,631.0841732283463,0.9743562742374702,0.4,7.0,0.36637806145885643,0.0,6.537410537309423,7.03479508085142,30.216473601865673,43.70006724158681,1.0,0.3663780614588565,0.11089672546074313,0.3026838589056638,1,3.3037770947398477
5.0,1948 Fukui M=7.3,Takaya 45,Yes,B,7.97052,12.3,3084.25,2220.0099999999998,0.8544959868556613,0.35,7.0,0.27007604866511997,3.2857142857142856,20.561808436436927,21.176282068034162,106.29465356058898,147.674688512325,1.0,0.27007604866511997,0.24059986815165232,0.8908597017056609,1,1.1225112080896427
6.0,1964 Niigata M=7.5,Arayamotomachi,Yes,A,3.2500000000000004,3.280839895013123,1177.0013123359581,716.3713910761155,0.940558934948765,0.09,7.6,0.09040253170553178,5.0,7.888457144880974,8.397121517784523,34.30004767327756,56.35512756028544,1.0,0.09040253170553177,0.11666259884409193,1.2904793333011633,0,0.7749058618722
7.0,1964 Niigata M=7.5,Cc17-1,Yes,B,8.0,3.0,3089.6062992125985,1639.0110236220473,0.8016941279655067,0.16,7.6,0.15716770416976522,2.0,10.853943901678564,11.387366994527937,78.47627215097764,147.9311495053701,1.0,0.1571677041697652,0.13017316637508758,0.8282437353317867,1,1.207374058313172
8.0,1964 Niigata M=7.5,Cc17-2,Yes,A,5.25,3.0,2006.9291338582675,1119.3259842519683,0.9001044845383398,0.16,7.6,0.1678424137838135,2.0,11.083707067610794,11.619048443138768,53.59361791948157,96.0922865230866,1.0,0.1678424137838135,0.1367088307315799,0.8145070584343796,1,1.2277364445707435
11.0,1964 Niigata M=7.5,Rail Road-1,Yes,A,7.500000000000001,3.0,3030.7874015748034,1682.5543307086614,0.8537505244310134,0.16,7.6,0.15993764586141573,2.0,11.320052622890206,11.857367237179131,80.56113696764693,145.11488545825986,1.0,0.15993764586141576,0.133355170220083,0.8337947548361055,1,1.1993359207405478
13.0,1964 Niigata M=7.5,River Site,Yes,A,4.0,1.9685039370078738,1423.8845144356956,727.8215223097113,0.9296397141858016,0.16,7.6,0.1891463132865594,0.0,6.603520100568655,7.101456589978804,34.8482829211811,68.1759591948819,1.0,0.18914631328655945,0.10705343311497988,0.5659821291509519,1,1.7668402384014001
15.0,1964 Niigata M=7.5,Showa Br 2,Yes,A,3.7338,0.0,1470.0,705.6,0.8979485597718472,0.16,7.6,0.19455552128390025,10.0,6.796544514052575,7.795640597737666,33.784310679840004,70.383980583,1.0,0.19455552128390025,0.11233385138669583,0.5773871162606353,1,1.731940273410249
19.0,1968 Tokachioki M=7.9,Hachinohe-6,Yes,B,4.05384,2.0,1632.5,927.3800000000001,0.9878685685641325,0.225,8.3,0.2543258511440438,5.0,6.805431117233461,7.305053352939432,44.403194498682005,78.16452265425,1.0,0.2543258511440439,0.10330577630040572,0.406194556454648,1,2.4618744493481435
20.0,1968 Tokachioki M=7.9,Nanaehama1-2-3,Yes,B,2.9572000000000003,2.5044033465433726,1139.2079350385034,690.0716802407625,0.9656127949100839,0.2,8.3,0.20723120894893443,21.666923076923084,9.577822611602219,11.843180937646009,33.04081070948572,54.545570870577926,1.0,0.2072312089489344,0.13639511609734287,0.6581784509636921,1,1.519344789450064
21.0,1968 Tokachi-Oki M=7.9,Aomori Station,Yes,A,5.75,0.0,2263.779527559055,1086.6141732283463,0.8664183227425672,0.213,8.3,0.2499075349660593,3.0,14.419557405363278,14.982749650265152,52.02736793858267,108.39034987204725,1.0,0.24990753496605925,0.15476591707026682,0.6192927199705525,1,1.6147452856341509
22.0,1971 San Fernando Mw=6.6,Juvenile Hall,Yes,A,5.35,14.0,1966.2992125984251,1744.623622047244,0.8589616723711584,0.45,6.6,0.2831701774052015,65.25,3.7190412306252814,7.036019936142365,83.53303070667779,94.14691537407873,1.0,0.2831701774052015,0.1046647526840237,0.369617851862465,1,2.705497028785559
23.0,1971 San Fernando Mw=6.6,Van Norman,Yes,A,6.2484,16.30577427821522,2296.942257217848,2035.2225721784775,0.8999950622289808,0.45,6.6,0.29710103455476583,59.3,7.9148389110311195,11.477031342882576,97.44698367502944,109.97818995394094,1.0,0.29710103455476583,0.13870073779086234,0.4668470374016657,1,2.1420292298858916
24.0,1975 Haicheng Ms=7.3,Panjin Ch. F. P.,Yes,B,7.999999999999999,4.986876640419947,3099.7375328083986,1773.1233595800522,0.8568207984806632,0.13,7.0,0.1265705535762605,67.0,7.37419647203624,10.904792302435833,84.89760551833069,148.41623559291338,1.0,0.1265705535762605,0.1312418302650058,1.0369065043705508,0,0.964407104965597
25.0,1975 Haicheng Ms=7.3,Ying Kou G. F. P.,Yes,B,7.000000000000001,4.986876640419947,2706.036745406824,1584.1469816272966,0.885198241774157,0.2,7.0,0.1965722054890819,48.0,14.000303708501528,17.918147106659834,75.8493676159685,129.56573996299213,1.0,0.1965722054890819,0.20321636926773026,1.0338001181912637,0,0.9673049774356764
26.0,1975 Haicheng Ms=7.3,Ying Kou P. P.,Yes,B,7.499999999999999,4.986876640419947,2902.8871391076113,1678.6351706036744,0.8141611612047756,0.2,7.0,0.1830322280286801,20.0,11.43642797657762,13.589572884797642,80.3734865671496,138.99098777795274,1.0,0.1830322280286801,0.15537555180573825,0.8488972323573081,1,1.1779988930145215
27.0,1976 Guatemala M=7.5,Amatitlan B-1,Yes,C,9.144,5.0,2550.0,990.0,0.5722509058086783,0.135,7.5,0.12934171041516604,3.0,4.715117599516763,5.197287898583499,47.401456311,122.094660195,1.0,0.12934171041516607,0.09234737331213613,0.7139798369429007,1,1.4005997764331448
30.0,1976 Tangshan Ms=7.8,Coastal Region,Yes,B,4.5,3.608923884514436,1735.5643044619424,1039.5013123359581,0.9457323014169425,0.13,7.6,0.13342604071294042,12.0,12.196965612123444,13.504091826588725,49.771591961535435,83.09926823523622,1.0,0.13342604071294042,0.15331133298897046,1.1490360664962866,0,0.8702947010612672
31.0,1976 Tangshan Ms=7.8,Le Ting L8-14,Yes,B,4.75,3.27615298087739,1837.3172103487063,1069.3082114735657,0.9791073692285449,0.2,7.6,0.21870308684144232,12.0,12.65071315784303,13.966931336763585,51.19875400925028,87.97122371292181,1.0,0.21870308684144232,0.15690528384412927,0.7174351588273837,1,1.3938541869546177
33.0,1976 Tangshan Ms=7.8,Luan Nan-L2,Yes,B,3.5000000000000004,3.608923884514436,1381.233595800525,889.8950131233596,0.9767761828598537,0.22,7.6,0.2168000904612586,3.0,7.893940173275842,8.40265032374497,42.608403622165355,66.13382216830709,1.0,0.21680009046125862,0.11469369105400405,0.5290297195447868,1,1.8902529726694144
34.0,1976 Tangshan Ms=7.8,Qing Jia Ying,Yes,B,5.5,2.952755905511811,2211.2860892388453,1269.5538057742783,0.9726172666439874,0.35,7.6,0.38540487022135567,20.0,22.12261370525311,24.63263261284457,60.78656490795276,105.87695045472442,1.0,0.38540487022135567,0.2976229472234917,0.7722345258702964,1,1.294943396726552
36.0,1976 Tangshan Ms=7.8,Yao Yuan Village,Yes,B,4.25,3.280839895013123,1693.7335958005249,1028.3792650918633,0.9712763943301812,0.2,7.6,0.20795912271330133,20.0,11.116818788897223,13.259290084292298,49.23906545999015,81.09640307455709,1.0,0.2079591227133013,0.15136691752839856,0.727868609722294,1,1.373874332046732
37.0,1977 Argentina M=7.4,San Juan B-1,Yes,B,8.2296,15.0,3150.0,2401.2,0.8558704494718182,0.2,7.5,0.14595991548338733,20.0,6.240905875981195,8.220542032066477,114.97007767068,150.822815535,1.0,0.14595991548338733,0.10487543330380421,0.7185221569667241,1,1.3917455297712018
38.0,1977 Argentina M=7.4,San Juan B-3,Yes,B,11.6586,22.0,4370.0,3356.0,0.7064555652909247,0.2,7.5,0.11958802343318664,20.0,8.397496030489789,10.449153296163248,160.6861488684,209.236731393,1.0,0.11958802343318661,0.115968131910377,0.9697303173103111,1,1.0312145368143655
41.0,1977 Argentina M=7.4,San Juan B-6,Yes,B,4.572,6.0,1740.0,1178.4,0.9595931434477855,0.2,7.5,0.18419888751518082,50.0,5.273163082389965,8.680968858103636,56.42209708776,83.311650486,1.0,0.1841988875151808,0.11468436051085965,0.622611580655762,1,1.6061378089799676
47.0,1978 Miyagiken-Oki M=6.7,Nakamura 4,Yes,B,4.0,1.6404199475065615,1558.3989501312335,841.8635170603675,0.9818908438227922,0.12,6.5,0.14177340515835718,5.0,7.874175542291839,8.382720678716563,40.30864315531496,74.61654520177164,1.0,0.14177340515835715,0.12267044233721575,0.8652570783652694,1,1.1557258819417005
57.0,1978 Miyagiken-Oki M=7.4,Arahama,Yes,B,4.999999999999999,3.0,1938.5039370078737,1102.0818897637794,0.9447937070353772,0.2,7.7,0.21603950115568774,0.0,12.400043739662419,12.946375152810031,52.76796621089102,92.81607038260628,1.0,0.21603950115568774,0.14649053266447437,0.6780729074119957,1,1.4747676674130887
58.0,1978 Miyagiken-Oki M=7.4,Hiyori-18,Yes,B,3.2499999999999996,8.0,1199.527559055118,1033.3732283464567,0.9794899145461078,0.24,7.7,0.17736894840827708,20.0,12.188204711900912,14.366455825176802,49.478177713557166,57.43369008524409,1.0,0.17736894840827705,0.15944791476266698,0.8989618317837769,1,1.1123942804287217
59.0,1978 Miyagiken-Oki M=7.4,Ishinomaki-2,Yes,B,3.7,4.593175853018372,1410.761154855643,939.8950131233596,0.925988696041172,0.2,7.7,0.18068545137078165,10.0,5.736617195880821,6.718014705412181,45.002416567165355,67.54760934055119,1.0,0.18068545137078162,0.10190398446283898,0.5639855543970913,1,1.7730950592679884
61.0,1978 Miyagiken-Oki M=7.4,Kitawabuchi-2,Yes,B,3.5000000000000004,9.84251968503937,1181.1023622047244,1078.740157480315,0.8885348055753586,0.28,7.7,0.17705839556355685,5.0,13.488875965016673,14.04429799105397,51.650358025984254,56.55148688976378,1.0,0.17705839556355688,0.15598227610889054,0.8809651505788053,1,1.1351186813042347
56.0,1978 Miyagiken-Oki M=7.4,Nakajima-18,Yes,B,4.2672,8.0,1630.0,1255.6,0.9709791839292952,0.24,7.7,0.1966395244421322,3.0,12.197522800033601,12.742163374665095,60.11845307484,78.044822007,1.0,0.1966395244421322,0.1430223344419182,0.7273325891510043,1,1.3748868329511716
65.0,1978 Miyagiken-Oki M=7.4,Nakamura 4,Yes,B,4.0,1.6404199475065615,1558.3989501312335,841.8635170603675,0.9838617705601507,0.32,7.7,0.37882128967787565,5.0,7.874175542291839,8.382720678716563,40.30864315531496,74.61654520177164,1.0,0.3788212896778756,0.11446790578672715,0.3021686185696243,1,3.309410503094929
66.0,1978 Miyagiken-Oki M=7.4,Nakamura 5,Yes,B,3.3716000000000004,4.2650918635170605,1284.750656167979,860.6435695538058,0.9724355203525744,0.32,7.7,0.3019393174439911,4.0,9.601467109488723,10.124433328077778,41.20783693085638,61.51419403926772,1.0,0.30193931744399105,0.12724179082538273,0.4214151105014196,1,2.3729571509909855
67.0,1978 Miyagiken-Oki M=7.4,Oiiri-1,Yes,B,5.9436,14.0,2200.0,1856.8,0.8504618930743656,0.24,7.7,0.15719437834075953,5.0,9.271065739857562,9.79127345178269,88.90406472552,105.33656958,1.0,0.1571943783407595,0.11658802652614049,0.7416806361446702,1,1.3482892113755316
68.0,1978 Miyagiken-Oki M=7.4,Shiomi-6,Yes,B,4.5,8.0,1691.6535433070867,1269.5937007874015,0.9486364435422482,0.24,7.7,0.19718372515961577,10.0,9.307071323712861,10.34808796567014,60.788475091509916,80.99680962264567,1.0,0.1971837251596158,0.12464085981797857,0.6321052090738453,1,1.5820151228704329
69.0,1978 Miyagiken-Oki M=7.4,Yuriage Br-1,Yes,B,3.48996,5.577427821522309,1233.0885826771653,866.6400787401574,0.9712601053244304,0.24,7.7,0.21558356815729093,10.0,3.997713689219127,4.950075139266787,41.49495134319512,59.04060058521673,1.0,0.21558356815729093,0.09096356202092588,0.4219410727748897,1,2.369999188331
70.0,1978 Miyagiken-Oki M=7.4,Yuriage Br-2,Yes,B,2.4384,4.2650918635170605,893.3727034120734,660.3144356955381,0.9960366608282186,0.24,7.7,0.21022376452714867,7.0,18.69483437963232,19.533275264596224,31.616026136509767,42.77491633356299,1.0,0.21022376452714867,0.21358496868080012,1.0159886973825807,0,0.9842629180582706
71.0,1978 Miyagiken-Oki M=7.4,Yuriage Br-3,Yes,B,2.9999999999999996,0.8530183727034121,1172.5721784776902,611.6272965879265,0.9852484011544471,0.24,7.7,0.2946612746069471,12.0,11.180542577188449,12.467302219553615,29.284873310937005,56.14305948444881,1.0,0.2946612746069471,0.14717271637746732,0.49946405944854183,1,2.002146062529704
73.0,1978 Miyagiken-Oki M=7.4,Yuriagekami-1,Yes,B,3.6500000000000004,5.971128608923884,1257.5459317585303,882.9002624671916,0.9776994144878045,0.24,7.7,0.21724118550699115,60.0,2.7049066079602393,5.962616552500186,42.27349314980709,60.21162479124016,1.0,0.21724118550699115,0.0973507887302577,0.44812307805752055,1,2.2315297938564127
74.0,1978 Miyagiken-Oki M=7.4,Yuriagekami-2,Yes,B,3.7500000000000004,2.7887139107611545,1420.6036745406825,826.9028871391076,0.9685874500126473,0.24,7.7,0.2595863556318613,0.0,12.282401062974957,12.827750282531886,39.59232432137795,68.01887173129921,1.0,0.2595863556318612,0.14953647825429126,0.576056772669362,1,1.7359400105065128
77.0,1979 Imperial Valley ML=6.6,Heber Road A2,Yes,A,3.22,5.905511811023622,1103.0183727034118,812.3097112860892,0.78,0.47,6.53,0.32356900869171856,20.857142857142858,3.5008457200782694,5.4698951432307865,38.8935992833622,52.812805256496056,1.0,0.3235690086917186,0.09962798349643721,0.3079033554519373,1,3.247772336005272
80.0,1979 Imperial Valley ML=6.6,McKim Ranch A,Yes,B,2.7432000000000003,5.0,1030.0,780.4,0.9401700544245384,0.51,6.53,0.41134849337901913,19.75,7.948480628063765,9.959684378161528,37.365754045559996,49.316666667,1.0,0.41134849337901913,0.137493105292446,0.33424968732232346,1,2.991775423968252
81.0,1979 Imperial Valley ML=6.6,Radio Tower B1,Yes,B,4.25,6.561679790026246,1505.0853018372704,1044.4553805774278,0.97,0.18,6.53,0.16354181718234648,43.5,6.184651436915766,9.645727049010592,50.00879403154528,72.06387391855316,1.0,0.16354181718234645,0.13126754261148313,0.8026542989009469,1,1.245866372819872
83.0,1979 Imperial Valley ML=6.6,River Park A,Yes,B,1.0524,1.0,369.8031496062992,216.7511811023622,0.99,0.16,6.53,0.17566193683384557,91.0,3.9806130189093385,7.312878684807904,10.37810266806189,17.70627054518504,1.0,0.17566193683384554,0.11595409009014707,0.6600979824093894,1,1.5149266118795757
86.0,1981 WestMorland ML=5.6,Kornbloom B,Yes,A,4.038600000000001,9.0,1410.0,1144.8,0.9,0.19,5.9,0.1368985849056604,83.0,7.094447335107455,10.60869387187321,54.81332038872,67.511165049,1.0,0.1368985849056604,0.1465966590752534,1.0708413032631137,0,0.9338451897146263
87.0,1981 Westmorland ML=5.6,Radio Tower B1,Yes,B,4.25,6.561679790026246,1505.0853018372704,1044.4553805774278,0.89,0.17,5.9,0.1417175082456416,43.5,6.184651436915766,9.645727049010592,50.00879403154528,72.06387391855316,1.0,0.14171750824564164,0.13778070329144274,0.9722207580211251,1,1.0285729776387589
91.0,1981 WestMorland ML=5.6,Wildlife B,Yes,A,4.7244,3.0,1800.0,1020.0,0.89,0.23,5.9,0.23480294117647058,26.2,11.28066816319271,14.094473729768104,48.837864078,86.18446602,1.0,0.23480294117647063,0.19060828265775673,0.811779791610453,1,1.231861165225788
95.0,1983 Nihonkai-Chubu M=7.1,Takeda Elementary Sch.,Yes,B,4.5,1.148293963254593,1680.6102362204724,831.0039370078741,0.851127975745462,0.12,7.1,0.13426208628409256,0.0,13.78707816057445,14.344989863771872,39.788683650856306,80.46805322022638,1.0,0.13426208628409253,0.17263178198099552,1.2857820607354067,0,0.7777367802347834
97.0,1983 Nihonkai-Chubu M=7.7,Aomori Station,Yes,A,5.75,0.0,2263.779527559055,1086.6141732283463,0.8602197025567179,0.116,7.7,0.1351261782766178,3.0,14.419557405363278,14.982749650265152,52.02736793858267,108.39034987204725,1.0,0.13512617827661777,0.16406452584416878,1.2141579665511673,0,0.8236160594823704
98.0,1983 Nihonkai-Chubu M=7.7,Arayamotomachi,Yes,B,3.2500000000000004,3.280839895013123,1177.0013123359581,716.3713910761155,0.9386692650026346,0.2,7.7,0.20049089922857968,5.0,7.888457144880974,8.397121517784523,34.30004767327756,56.35512756028544,1.0,0.20049089922857968,0.11605990341114238,0.5788786616135752,1,1.7274777363749854
99.0,1983 Nihonkai-Chubu M=7.7,Gaiko 1&2,Yes,B,10.5,4.822834645669291,4085.6299212598424,2236.968503937008,0.6222495876068317,0.214,7.7,0.15808508734203955,5.5,6.863570135287515,7.413688534710296,107.1066311196496,195.62101839950788,1.0,0.15808508734203958,0.0994022495611444,0.6287895413314573,1,1.5903572408066893
100.0,1983 Nihonkai-Chubu M=7.7,Gaiko Wharf B-2,Yes,B,7.499999999999999,1.279527559055118,2939.9606299212596,1484.3700787401574,0.8182041760632718,0.22685898703820398,7.7,0.23896283400150026,1.0,11.205376421304777,11.741733608974616,71.07202367349213,140.766076116437,1.0,0.23896283400150026,0.13309857792539023,0.5569844301585184,1,1.7953823228333312
102.0,1983 Nihonkai-Chubu M=7.7,Nakajima No. 1 (5),Yes,B,7.500000000000001,5.774278215223097,2895.0131233595803,1719.8950131233598,0.7897739648876234,0.208,7.7,0.17973311619192678,14.6,8.674917063052973,10.179390101306396,82.34901850916536,138.61397786535434,1.0,0.17973311619192675,0.12008605310370794,0.6681353756503886,1,1.4967026690160832
103.0,1983 Nihonkai-Chubu M=7.7,Nakajima No. 2 (1),Yes,A,5.499999999999999,4.757217847769028,2231.791338582677,1402.6574803149606,0.9036585659109292,0.207,7.7,0.1934594850524299,2.0,6.576647331010124,7.074359460836085,67.15960330550196,106.85874710211613,1.0,0.19345948505242996,0.10108631317808246,0.5225192920920203,1,1.9138049353092423
104.0,1983 Nihonkai-Chubu M=7.7,Nakajima No. 2 (2),Yes,A,3.85,4.921259842519685,1515.748031496063,1034.6456692913387,0.9610129694924707,0.203,7.7,0.18576932880496438,8.0,9.047190917851271,9.876532663089424,49.53910251543307,72.57440817519685,1.0,0.18576932880496436,0.12338927887597867,0.6642069477761998,1,1.505554862604273
105.0,1983 Nihonkai-Chubu M=7.7,Nakajima No. 3 (3),Yes,A,2.4,5.183727034120735,814.3044619422571,646.4304461942257,0.9519692331090069,0.207,7.7,0.16135098689622776,3.0,5.404894632730788,5.8928238502453185,30.95125712462205,38.98910846122047,1.0,0.16135098689622776,0.0991166865863972,0.6142924099382404,1,1.6278892329152133
106.0,1983 Nihonkai-Chubu M=7.7,Nakajima No. 3 (4),Yes,A,6.499999999999999,5.413385826771654,2504.9212598425192,1512.0078740157478,0.8573993140843548,0.202,7.7,0.18650388536353135,2.0,10.824619029534324,11.35779729030168,72.39532846671258,119.936278445374,1.0,0.18650388536353135,0.13002008444105434,0.6971441060738257,1,1.4344236597391566
107.0,1983 Nihonkai-Chubu M=7.7,Noshiro Section N-7,Yes,B,3.5000000000000004,5.741469816272965,1320.5380577427823,962.270341207349,0.9505325744447883,0.25,7.7,0.2119698983882695,1.0,15.34123564259935,15.912122939014633,46.073753068799206,63.227704092027565,1.0,0.2119698983882695,0.17479527973444342,0.8246231236770583,1,1.2126751861394849
108.0,1983 Nihonkai-Chubu M=7.7,Ohama No. 2 (2),Yes,A,6.75,2.3622047244094486,2412.4015748031493,1177.9133858267717,0.7284981239518505,0.204,7.7,0.19783731439843716,1.1,7.280995125249622,7.78458782417341,56.39879787516142,115.5064119723425,1.0,0.19783731439843716,0.10726565956625671,0.5421912438127197,1,1.8443676680721421
110.0,1983 Nihonkai-Chubu M=7.7,Takeda Elementary Sch.,Yes,B,4.5,1.148293963254593,1680.6102362204724,831.0039370078741,0.8535469225017934,0.278,7.7,0.31192449199342237,0.0,13.78707816057445,14.344989863771872,39.788683650856306,80.46805322022638,1.0,0.3119244919934223,0.1625769325222883,0.5212060504877463,1,1.918626998025439
122.0,1987 Superstition Hills Mw=6.6,Wildlife B,Yes,A,4.7244,3.0,1800.0,1020.0,0.82,0.20453087786444374,6.54,0.19237933747367383,26.2,11.28066816319271,14.094473729768104,48.837864078,86.18446602,1.0,0.1923793374736738,0.1770128198072138,0.9201238663764353,1,1.0868101964772712
124.0,1989 Loma Prieta Mw=7,Farris Farm ,Yes,B,6.000000000000001,14.763779527559054,2066.929133858268,1759.8425196850394,0.95,0.37,6.93,0.26834312080536915,8.0,10.337004632954406,11.183576135961705,84.26171546574804,98.96510205708663,1.0,0.26834312080536915,0.13435553205799294,0.5006855836466246,1,1.9972614204641912
142.0,1989 Loma Prieta Mw=7,Marine Laboratory UC-B1,Yes,A,3.95,7.874015748031495,1501.8044619422571,1184.481627296588,0.99,0.24,6.93,0.19581450294989333,3.0,11.685456112721928,12.225821464853885,56.71328697725394,71.90678645497047,1.0,0.19581450294989333,0.14886985926869467,0.7602596182918522,1,1.3153401495226005
143.0,1989 Loma Prieta Mw=7,Marine Laboratory UC-B2,Yes,B,3.5052000000000003,8.202099737532809,1314.4685039370079,1108.6795275590553,0.99,0.26,6.93,0.19836546082698933,3.0,14.879462325064802,15.44649429613726,53.08386281665725,62.937092284399604,1.0,0.19836546082698933,0.1830670399360522,0.9228775976061673,1,1.083567314445468
144.0,1989 Loma Prieta Mw=7,Marine Laboratory_F1-F7,Yes,B,4.572,5.0,1850.0,1226.0,0.9904445231598377,0.25,6.93,0.24286491417204423,3.0,19.81750244126253,20.425761894480353,58.7011974114,88.578478965,1.0,0.24286491417204423,0.2502583090186507,1.030442416401774,0,0.9704569455631722
146.0,1989 Loma Prieta Mw=7,Miller Farm ,Yes,A,5.999999999999999,13.123359580052492,2263.7795275590547,1854.330708661417,0.9,0.42,6.93,0.2999522292993631,22.0,8.895341755030762,11.170453313391203,88.78583441692912,108.39034987204722,1.0,0.29995222929936305,0.13358105253864266,0.4453410893150055,1,2.2454698746485184
129.0,1989 Loma Prieta Mw=7,Miller Farm CMF3,Yes,A,6.624999999999999,18.700787401574804,2436.4337270341202,2247.063648293963,0.83,0.46,6.93,0.26908439309101256,27.333333333333332,10.681500088913221,13.589675828279272,107.58998924509349,116.6570776430856,1.0,0.2690843930910126,0.15177179177330097,0.5640304516730821,1,1.7729539194802384
130.0,1989 Loma Prieta Mw=7,Miller Farm CMF5,Yes,B,7.000000000000001,15.41994750656168,2793.635170603675,2322.769028871391,0.9,0.41,6.93,0.2884718141755417,13.0,20.62784925942642,22.22691426867167,111.21478246726379,133.75997524064962,1.0,0.28847181417554174,0.26119920879865544,0.9054583358348824,1,1.1044130474296698
131.0,1989 Loma Prieta Mw=7,Miller Farm CMF8,Yes,B,6.499999999999999,16.076115485564305,2237.53280839895,1909.97375328084,0.73,0.46,6.93,0.2557031400302322,15.5,10.02859219651085,11.660842225334257,91.45003779929134,107.13365016338581,1.0,0.2557031400302322,0.13730032872830816,0.5369520636785099,1,1.8623636403392827
132.0,1989 Loma Prieta Mw=7,POO7-2,Yes,A,6.15,9.84251968503937,2472.933070866142,1828.051181102362,0.86,0.22,6.93,0.16636367307381686,3.0,12.79734339484006,13.346991845527823,87.52756383363189,118.40467567544292,1.0,0.1663636730738169,0.15283069638499586,0.9186542564324345,1,1.0885488125679286
133.0,1989 Loma Prieta Mw=7,POO7-3,Yes,A,6.000000000000001,9.84251968503937,2411.4173228346453,1797.2440944881891,0.83,0.22,6.93,0.15924999999999995,5.0,16.381250388893168,16.960820723188824,86.05251255059056,115.4592857332677,1.0,0.15924999999999997,0.1905508801188211,1.1965518374808237,0,0.8357347911523527
134.0,1989 Loma Prieta Mw=7,POR-2&3&4,Yes,A,4.8956,11.48293963254593,1651.955380577428,1366.2419947506562,0.78,0.15,6.93,0.09195384651885301,50.0,3.5051714189073744,6.809650996135529,65.41602042871386,79.09605131329529,1.0,0.09195384651885301,0.1032598151939362,1.1229526453008702,0,0.890509501166073
135.0,1989 Loma Prieta Mw=7,Sandholdt UC-B10,Yes,A,3.2004,5.610236220472441,1203.8976377952756,898.7763779527559,0.99,0.26,6.93,0.22410926535289452,2.0,14.275126540990817,14.837112938888202,43.0336456695822,57.64293058673622,1.0,0.22410926535289452,0.180069534618978,0.803489915222518,1,1.244570692244545
136.0,1989 Loma Prieta Mw=7,SFOBB-1&2,Yes,A,6.25,9.84251968503937,2513.943569553806,1848.5892388451443,0.79,0.27,6.93,0.1885468652941699,8.0,8.225442982798759,9.043807547609644,88.51093135565945,120.36826897022638,1.0,0.18854686529416986,0.1168002200505387,0.6194757991245707,1,1.6142680656987367
137.0,1989 Loma Prieta Mw=7,State Beach UC-B1,Yes,A,2.7288,5.905511811023622,1030.511811023622,840.363779527559,0.95,0.29,6.93,0.21959406991910138,1.6666666666666667,7.892335575538139,8.401032329290548,40.23683533396205,49.34117231131889,1.0,0.21959406991910138,0.11961020258307765,0.5446877624115357,1,1.8359142044473835
138.0,1989 Loma Prieta Mw=7,State Beach UC-B2,Yes,A,4.7244,9.0,1892.5,1486.9,0.99,0.24,6.93,0.19656849821776848,1.0,17.393725077119612,17.981748518548716,71.19315695841,90.61338996825,1.0,0.1965684982177685,0.2076794056623212,1.0565243543359806,0,0.9464997147448571
139.0,1989 Loma Prieta Mw=7,Treasure Island,Yes,A,5.25,4.921259842519685,1906.9881889763778,1139.2716535433071,0.88,0.18,6.93,0.17234125269978398,20.0,7.717383390481393,9.746327732757727,54.54862172908465,91.3070882074311,1.0,0.17234125269978398,0.12751954304399263,0.7399246613701356,1,1.3514889450343186
140.0,1989 Loma Prieta Mw=7,WoodMarine UC-B4,Yes,A,1.7500000000000002,3.280839895013123,656.1679790026246,502.62467191601047,0.99,0.25,6.93,0.21001958224543082,35.0,8.319170878285098,11.904993560191144,24.065799420866142,31.41749271653543,1.0,0.21001958224543085,0.15177128504350204,0.7226530184511114,1,1.3837899717672757
148.0,1990 Luzon Mw=7.6,Perez Blv. B-11,Yes,B,7.25,7.545931758530183,2784.612860892388,1771.227034120735,0.8873937428620644,0.25,7.7,0.2267045934739915,19.0,13.897779817567617,16.02135641433063,84.80680896437993,133.32798471579724,1.0,0.22670459347399147,0.16452850023436752,0.7257395966846297,1,1.3779046982805738
149.0,1993 Kushiro-Oki Mw=8,Kushiro Port Seismo St.,Yes,A,3.5999999999999996,6.561679790026246,1377.9527559055118,1050.3937007874015,0.9925686338769043,0.39974992182613367,7.6,0.3383331172764449,5.0,25.437962636020238,26.093147066936808,50.293122340629914,65.97673470472441,1.0,0.3383331172764449,0.3413542933536639,1.0089295901670496,0,0.9911494416913957
150.0,1993 Kushiro-Oki Mw=8,Kushiro Port Site A,Yes,A,5.25,6.561679790026246,2021.817585301837,1356.4632545931756,0.9615493223631153,0.39974992182613367,7.6,0.37239791973884895,2.0,16.514278658128006,17.09495963965731,64.94781181825786,96.80514943282479,1.0,0.37239791973884895,0.1817926390780861,0.48816770836306395,1,2.048476338906612
152.0,1994 Northridge Mw=6.7,Balboa Blv. Unit C,Yes,B,9.0,23.62204724409449,3336.6141732283463,2968.1102362204724,0.71,0.693,6.7,0.3595264972144846,48.0,19.043691288322066,23.256283851239115,142.11388655397639,159.75795046358266,1.0,0.3595264972144846,0.28580100745784787,0.7949372568424242,1,1.2579609162767222
153.0,1994 Northridge Mw=6.7,Potrero Canyon C1,Yes,B,6.499999999999999,10.826771653543306,2503.280839895013,1848.1627296587924,0.7935746165006407,0.3988734135035826,6.7,0.2786798587326604,44.5,10.821417108203537,14.553477804661583,88.49050998539369,119.85773471358266,1.0,0.2786798587326603,0.1684196842743375,0.6043482476281278,1,1.6546751048334762
154.0,1994 Northridge Mw=6.7,Wynne Ave. Unit C1,Yes,A,6.25,13.670166229221348,2358.1036745406823,1931.5944881889764,0.86,0.54,6.7,0.36851273885350316,42.4,11.385771566569353,15.150814658807722,92.48524418430118,112.9066144500492,1.0,0.3685127388535032,0.173980761924032,0.4721160046334124,1,2.118123491230673
158.0,1995 Hyogoken-Nambu ML=7.2,Ashiyama C-D-E (Marine Sand),Yes,B,8.75,11.48293963254593,3416.1745406824143,2341.3713910761153,0.740759102885552,0.4,6.9,0.28100890930945294,2.0,12.607917582871977,13.155984525694874,112.10546838577756,163.56732145546258,1.0,0.28100890930945294,0.14768180506987563,0.5255413624884232,1,1.9027998010756544
157.0,1995 Hyogoken-Nambu ML=7.2,Ashiyama C-D-E (Mountain Sand 2),Yes,B,12.999999999999998,11.48293963254593,5159.120734908136,3214.2388451443567,0.5885372769268106,0.4,6.9,0.24560933517559103,18.0,5.62714103250356,7.390366107445449,153.8985880719488,247.0200364837598,1.0,0.245609335175591,0.10017019407260551,0.4078435943853349,1,2.4519203286914677
169.0,1995 Hyogoken-Nambu ML=7.2,Kobe No 11,Yes,B,6.75,4.757217847769028,2609.9081364829394,1524.8687664041995,0.6715087666145356,0.5,6.9,0.3735319887873951,5.0,7.720871701936851,8.228136911266548,73.0111113239567,124.96307728001968,1.0,0.3735319887873951,0.11278304177207081,0.30193676889146986,1,3.3119517164848733
171.0,1995 Hyogoken-Nambu ML=7.2,Kobe No 13,Yes,B,6.499999999999999,7.545931758530183,2596.7847769028867,1736.9422572178476,0.8664506561935346,0.5,6.9,0.4209958080023126,15.0,12.04163065205693,13.671647765663073,83.16524496994093,124.33472742568895,1.0,0.4209958080023126,0.15716308462512038,0.37331270677226563,1,2.678719427062086
173.0,1995 Hyogoken-Nambu ML=7.2,Kobe No 15,Yes,B,5.775,11.975065616797899,2068.979658792651,1633.9402887139108,0.8642086436872383,0.5,6.9,0.3556493392414257,4.666666666666667,19.613243340617952,20.21979744348894,78.2334840507628,99.0632817218258,1.0,0.3556493392414257,0.23904061676608646,0.6721244506623933,1,1.4878197021615238
175.0,1995 Hyogoken-Nambu ML=7.2,Kobe No 17,Yes,B,4.5,2.4606299212598426,1747.0472440944884,979.3307086614175,0.950808268315285,0.5,6.9,0.5512537887280201,5.0,21.193892678989847,21.813643554435046,46.89060787942914,83.6490743577756,1.0,0.55125378872802,0.2841842827485096,0.5155235003540658,1,1.9397757799851834
182.0,1995 Hyogoken-Nambu ML=7.2,Kobe No 24,Yes,B,3.5000000000000004,7.70997375328084,1339.4028871391076,1103.969816272966,0.9836820874145454,0.5,6.9,0.38787532753059867,0.0,24.77273278258464,25.422363238389686,52.858360620935045,64.13095700762796,1.0,0.38787532753059867,0.3829175012825558,0.9872179901732684,1,1.0129475049623926
186.0,1995 Hyogoken-Nambu ML=7.2,Kobe No 28,Yes,B,4.0,5.741469816272965,1554.2979002624672,1093.6679790026246,0.961389612301169,0.4,6.9,0.3552397344988646,8.0,21.46361200039197,22.458816400916586,52.36510598528543,74.4201858722933,1.0,0.35523973449886453,0.2973491171780512,0.837037888223626,1,1.194689050602255
187.0,1995 Hyogoken-Nambu ML=7.2,Kobe No 29,Yes,B,3.7499999999999996,6.561679790026246,1439.4685039370079,1081.2007874015746,0.9786373692121513,0.4,6.9,0.33875908934266785,0.0,17.997324846064902,18.590387715710783,51.76817362367125,68.9221246468996,1.0,0.3387590893426678,0.2253167955508473,0.665123985272409,1,1.503479083813883
192.0,1995 Hyogoken-Nambu ML=7.2,Kobe No 34,Yes,B,7.000000000000001,5.905511811023622,2752.6246719160104,1688.0577427821522,0.8828202430154093,0.4,6.9,0.3742875064358653,9.285714285714286,23.487466797147814,24.673995045427038,80.82464176255905,131.79638194586613,1.0,0.3742875064358652,0.3369060248297327,0.9001262907167382,1,1.110955218521321
193.0,1995 Hyogoken-Nambu ML=7.2,Kobe No 35,Yes,B,4.5,6.725721784776902,1744.5866141732286,1243.0118110236222,0.9461626552337843,0.5,6.9,0.4315851014178572,6.25,17.663290245147238,18.401132781762204,59.515727327568904,83.53125876008859,1.0,0.4315851014178573,0.21891646290300376,0.5072382299199216,1,1.9714602350810018
195.0,1995 Hyogoken-Nambu ML=7.2,Kobe No 37,Yes,B,5.0,13.123359580052492,1984.9081364829397,1780.1837270341207,0.9140357215787258,0.35,6.9,0.2318569694596238,0.0,22.480559358802356,23.111052558392515,85.23565773996063,95.03791546751968,1.0,0.2318569694596238,0.2926101335283281,1.2620286300226313,0,0.7923750509384779
196.0,1995 Hyogoken-Nambu ML=7.2,Kobe No 38,Yes,B,8.0,9.84251968503937,3182.4146981627296,2158.7926509186354,0.8531368787233521,0.5,6.9,0.40874073102969105,5.0,18.31007568469892,18.905749697493157,103.36355103740159,152.37483967519685,1.0,0.40874073102969105,0.2113544738888715,0.5170868911361776,1,1.933910948318055
199.0,1995 Hyogoken-Nambu ML=7.2,Kobe No 41,Yes,B,4.125,6.561679790026246,1492.782152230971,1057.742782152231,0.9554075207067375,0.4,6.9,0.3505729209044883,0.0,14.880601497545525,15.447642979519475,50.64499825905512,71.4747959301181,1.0,0.3505729209044883,0.1846396831058946,0.5266798206476383,1,1.8986867557795128
200.0,1995 Hyogoken-Nambu ML=7.2,Kobe No 42,Yes,B,5.0,3.7729658792650915,1930.7742782152231,1142.5853018372702,0.7815137206879278,0.4,6.9,0.3433624717235969,10.0,10.675185416084595,11.739046708141439,54.707280067303145,92.44597231840551,1.0,0.3433624717235969,0.14523156067078513,0.42296864867542944,1,2.364241423404795
201.0,1995 Hyogoken-Nambu ML=7.2,Kobe No 43,Yes,B,4.7,7.0538057742782145,1709.3175853018374,1187.2703412073492,0.958551070323203,0.35,6.9,0.313956731479312,20.0,14.802742818714172,17.068308591717873,56.84681132129922,81.84256852657481,1.0,0.313956731479312,0.20196279654153737,0.6432822624631177,1,1.5545275508934688
202.0,1995 Hyogoken-Nambu ML=7.2,Kobe No 44,Yes,B,4.0,5.085301837270341,1443.5695538057744,941.994750656168,0.9009690385612673,0.4,6.9,0.35898181252232164,5.0,7.601217096607239,8.10748331484153,45.102952543858265,69.11848397637796,1.0,0.35898181252232164,0.11638591784511407,0.32421118225279766,1,3.0844093440930993
163.0,1995 Hyogoken-Nambu ML=7.2,Kobe No 5,Yes,B,8.750000000000002,9.908136482939632,3345.8005249343837,2172.729658792651,0.6957698854084237,0.35,6.9,0.24374817950260116,1.25,6.964295081947473,7.465243665984901,104.0308585827008,160.1977953616142,1.0,0.24374817950260116,0.10408142964011899,0.4270039261524342,1,2.3418988415647832
165.0,1995 Hyogoken-Nambu ML=7.2,Kobe No 7,Yes,B,2.8000000000000003,10.36745406824147,998.6876640419947,1072.3884514435695,0.9858552951781162,0.4,6.9,0.2387064084193329,0.0,22.33190500567739,22.96115709653917,51.346236696488184,47.81742391456693,1.0,0.2387064084193329,0.3100121063387288,1.298717149621446,0,0.7699906021041479
166.0,1995 Hyogoken-Nambu ML=7.2,Kobe No 8,Yes,B,5.0,9.678477690288714,1808.5629921259842,1388.8779527559054,0.9608212691357777,0.5,6.9,0.40662635650345286,0.0,23.998778680638964,24.641947427310736,66.49983595845472,86.59446429995079,1.0,0.40662635650345286,0.3460680035088697,0.8510712549099877,1,1.174989748779335
167.0,1995 Hyogoken-Nambu ML=7.2,Kobe No 9,Yes,B,4.299999999999999,9.087926509186351,1531.4960629921256,1218.267716535433,0.8900220155114785,0.5,6.9,0.3636279514963762,2.3333333333333335,12.379251419613011,12.925409238584912,58.33097367722834,73.32842800039369,1.0,0.3636279514963763,0.1555321927723633,0.42772342481464404,1,2.337959396152677
203.0,1995 Hyogoken-Nambu ML=7.2,Port Island Borehole Array Station,Yes,B,7.6000000000000005,7.874015748031495,2998.6876640419946,1934.1207349081365,0.7151853367782918,0.34,6.9,0.24505215585085202,20.0,7.127420434451482,9.13666247649225,92.60620153125984,143.57794171456692,1.0,0.24505215585085205,0.11725871641859988,0.4785051411258261,1,2.0898417050383236
207.0,1995 Hyogoken-Nambu ML=7.2,Port Island Site I,Yes,B,10.0,9.84251968503937,3838.5826771653547,2405.511811023622,0.7768999816020904,0.34,6.9,0.2739812169160564,20.0,11.069296090063693,13.210180325676703,115.17652829881891,183.7923323917323,1.0,0.27398121691605637,0.14774218740514972,0.5392420293191691,1,1.8544548563148355
208.0,1995 Hyogoken-Nambu ML=7.2,Rokko Island Building D,Yes,B,7.500000000000001,13.123359580052492,2878.9370078740158,2162.4015748031497,0.9313369100634872,0.4,6.9,0.3223858534835148,25.0,17.615561228560725,20.56493893760328,103.53634724734253,137.8442492937992,1.0,0.3223858534835148,0.23579490832021996,0.7314058783050086,1,1.3672299193403297
209.0,1995 Hyogoken-Nambu ML=7.2,Rokko Island Site G,Yes,B,11.5,13.123359580052492,4396.325459317585,2860.8923884514434,0.7219262567707002,0.34,6.9,0.2451734422936642,20.0,12.50458149090005,14.693398268042955,136.98026824409447,210.4972012007874,1.0,0.2451734422936642,0.15827755559908482,0.6455738195717907,1,1.5490095318042794
210.0,1995 Hyogoken-Nambu ML=7.2,Torishima Dike,Yes,B,4.75,0.0,1792.1587926509187,819.7178477690289,0.8054836775252759,0.25,6.9,0.2861687495010189,20.0,15.170104379248983,17.447938495013336,39.248302776131894,85.80902698203741,1.0,0.2861687495010189,0.21270185567159744,0.7432742255836015,1,1.3453984620747794
12.0,1964 Niigata M=7.5,Rail Road-2,No/Yes,B,10.0,3.0,4056.0498687664044,2196.0057742782155,0.7668663206791111,0.16,7.6,0.14730680578420596,2.0,17.146429598873908,17.73238838111149,105.14532501833592,194.20471782784648,,0.14730680578420596,0.17778412167712676,1.2068968621692056,0,0.8285712154414411
28.0,1976 Guatemala M=7.5,Amatitlan B-2,No/Yes,B,4.2672,8.0,1020.0,645.6,0.8186008645936232,0.135,7.5,0.11348957618564476,3.0,9.307785855245408,9.828300141816731,30.91149514584,48.837864078,,0.11348957618564476,0.12855798747583497,1.1327735268439236,0,0.8827889920645917
9.0,1964 Niigata M=7.5,Old Town -1,No,A,7.500000000000001,6.0,2985.7874015748034,1824.7543307086614,0.8725716821159595,0.18,7.6,0.16704806697307747,2.0,22.326228611642254,22.955433310537135,87.36970978322692,142.96027380775985,0.0,0.16704806697307745,0.24894533304228034,1.4902616806838114,0,0.6710230914218681
10.0,1964 Niigata M=7.5,Old Town -2,No,B,11.500000000000002,6.0,4626.2073490813655,2646.276640419948,0.743061637612053,0.18,7.6,0.15198493886826134,2.0,26.689872254050396,27.355508823914896,126.7044106643293,221.50400559909846,0.0,0.1519849388682613,0.3349412799883601,2.203779417108448,0,0.4537659224134545
14.0,1964 Niigata M=7.5,Road Site,No,A,6.499999999999999,8.202099737532809,2460.6299212598424,1641.7322834645668,0.8761958863068352,0.18,7.6,0.15364945848006553,0.0,14.399564639395676,14.96258996556409,78.60656677677164,117.81559768700787,0.0,0.15364945848006553,0.15852730885172026,1.031746616095543,0,0.9692302202883084
16.0,1964 Niigata M=7.5,Showa Br 4,No,B,6.000000000000001,4.0,2400.6299212598424,1421.8834645669292,0.9948013236969132,0.18,7.6,0.19650944419700406,0.0,42.04224877961634,42.83606167332651,68.08014840909355,114.94278215300787,0.0,0.19650944419700406,12.405232744644824,63.12792138482855,0,0.01584085105390986
17.0,1968 Tokachioki M=7.9,Hachinohe - 2,No,B,5.486400000000001,7.0,2180.0,1493.6,0.9881750932281516,0.225,8.3,0.2109366122780299,5.0,38.365283152604846,39.12839722022823,71.51395469303999,104.378964402,0.0,0.21093661227802993,2.4615411328404813,11.669577444412495,0,0.08569290574259907
18.0,1968 Tokachioki M=7.9,Hachinohe - 4,No,B,2.4384,3.0,955.0,643.0,0.9970797747637421,0.225,8.3,0.2165799156944532,5.0,25.08557681723125,25.73781919427411,30.7870064727,45.7256472495,0.0,0.21657991569445323,0.2776782130139999,1.2821050932799467,0,0.7799672626225584
29.0,1976 Guatemala M=7.5,Amatitlan B-3&4,No,C,10.2108,12.49,2640.2999999999997,1329.2759999999998,0.6820243678113518,0.135,7.5,0.11887352163031636,3.0,14.289302694217092,14.85140744820116,63.64607902955639,126.41824757366999,0.0,0.11887352163031636,0.16281004533889262,1.369607319662103,0,0.7301362847905273
32.0,1976 Tangshan Ms=7.8,Luan Nan-L1,No,B,3.5000000000000004,9.350393700787402,1201.6076115485564,1068.5367454068241,0.9889165364927933,0.22,7.6,0.1590262748415347,5.0,23.870594565535534,24.5126931086058,51.16181601424213,57.53328353715551,0.0,0.1590262748415347,0.29983423793639224,1.8854383543547681,0,0.530380639436084
35.0,1976 Tangshan Ms=7.8,Tangshan City,No,B,4.5,9.84251968503937,1697.8346456692914,1390.748031496063,0.9959711905973061,0.5,7.6,0.39516372875344286,10.0,33.14093326565711,34.57992566096781,66.58937581269686,81.29276240403543,0.0,0.39516372875344286,1.0751705371831655,2.7208229373045616,0,0.367535860672606
39.0,1977 Argentina M=7.4,San Juan B-4,No,B,2.4384,4.0,940.0,690.4,0.977677432493602,0.2,7.5,0.17304777266905877,4.0,13.76124510171463,14.318941125827264,33.05653074456,45.007443366,0.0,0.17304777266905874,0.16552884122968534,0.9565499669634417,1,1.0454236940433859
40.0,1977 Argentina M=7.4,San Juan B-5,No,B,2.8956,7.0,1082.5,926.5,0.9872236511673775,0.2,7.5,0.14994824426392792,3.0,13.825927713243761,14.38416376966662,44.36105987085,51.83038025925,0.0,0.14994824426392792,0.16452857061570741,1.0972357257222451,0,0.9113811887065192
42.0,1978 Miyagiken-Oki M=6.7,Arahama,No,B,4.999999999999999,3.0,1938.5039370078737,1102.0818897637794,0.9364885657102575,0.1,6.5,0.10707021070710511,0.0,12.400043739662419,12.946375152810031,52.76796621089102,92.81607038260628,0.0,0.1070702107071051,0.16349998594516169,1.5270352497243376,0,0.654863730343174
43.0,1978 Miyagiken-Oki M=6.7,Hiyori-18,No,B,3.2499999999999996,8.0,1199.527559055118,1033.3732283464567,0.9762229164445038,0.14,6.5,0.1031201212243914,20.0,12.188204711900912,14.366455825176802,49.478177713557166,57.43369008524409,0.0,0.1031201212243914,0.1808118769084375,1.7534102439133805,0,0.5703171881602174
44.0,1978 Miyagiken-Oki M=6.7,Ishinomaki-2,No,B,3.7,4.593175853018372,1410.761154855643,939.8950131233596,0.9161564376573976,0.12,6.5,0.1072601470225814,10.0,5.736617195880821,6.718014705412181,45.002416567165355,67.54760934055119,0.0,0.1072601470225814,0.10804569517241754,1.007323765365255,0,0.9927294822011874
45.0,1978 Miyagiken-Oki M=6.7,Kitawabuchi-2,No,B,3.5000000000000004,9.84251968503937,1181.1023622047244,1078.740157480315,0.877762610671533,0.14,6.5,0.08745590974938998,5.0,13.488875965016673,14.04429799105397,51.650358025984254,56.55148688976378,0.0,0.08745590974938998,0.1762226760903313,2.0149887708595986,0,0.4962806812930267
46.0,1978 Miyagiken-Oki M=6.7,Nakajima-18,No,B,4.2672,8.0,1630.0,1255.6,0.96622946153025,0.14,6.5,0.1141452819598455,3.0,12.197522800033601,12.742163374665095,60.11845307484,78.044822007,0.0,0.1141452819598455,0.1592843379986318,1.3954526657936286,0,0.7166133431199367
48.0,1978 Miyagiken-Oki M=6.7,Nakamura 5,No,B,3.3716000000000004,4.2650918635170605,1284.750656167979,860.6435695538058,0.9697321849843776,0.12,6.5,0.11291247642240572,4.0,9.601467109488723,10.124433328077778,41.20783693085638,61.51419403926772,0.0,0.11291247642240572,0.13822482259571095,1.2241766984067528,0,0.816875538720419
49.0,1978 Miyagiken-Oki M=6.7,Oiiri-1,No,B,5.9436,14.0,2200.0,1856.8,0.831937285169763,0.14,6.5,0.08969939923038915,5.0,9.271065739857562,9.79127345178269,88.90406472552,105.33656958,0.0,0.08969939923038915,0.12629909353256588,1.4080260806225908,0,0.7102141173108293
50.0,1978 Miyagiken-Oki M=6.7,Shiomi-6,No,B,4.5,8.0,1691.6535433070867,1269.5937007874015,0.9412306978868393,0.14,6.5,0.11412587997148808,10.0,9.307071323712861,10.34808796567014,60.788475091509916,80.99680962264567,0.0,0.11412587997148808,0.13565954266817343,1.1886834318566926,0,0.8412668782957848
51.0,1978 Miyagiken-Oki M=6.7,Yuriage Br-1,No,B,3.48996,5.577427821522309,1233.0885826771653,866.6400787401574,0.9804172711837614,0.12,6.5,0.10880805895668304,10.0,3.997713689219127,4.950075139266787,41.49495134319512,59.04060058521673,0.0,0.10880805895668305,0.0955983692393568,0.8785964032077341,1,1.138179027764084
52.0,1978 Miyagiken-Oki M=6.7,Yuriage Br-2,No,B,2.4384,4.2650918635170605,893.3727034120734,660.3144356955381,0.9951917519395981,0.12,6.5,0.10502271891535954,7.0,18.69483437963232,19.533275264596224,31.616026136509767,42.77491633356299,0.0,0.10502271891535954,0.25969034953857784,2.4727064031532913,0,0.404415177930045
53.0,1978 Miyagiken-Oki M=6.7,Yuriage Br-3,No,B,2.9999999999999996,0.8530183727034121,1172.5721784776902,611.6272965879265,0.9829276843778263,0.12,6.5,0.14698360534554317,12.0,11.180542577188449,12.467302219553615,29.284873310937005,56.14305948444881,0.0,0.14698360534554314,0.16343842995523933,1.111950067975354,0,0.8993209576584734
54.0,1978 Miyagiken-Oki M=6.7,Yuriagekami-1,No,B,3.6500000000000004,5.971128608923884,1257.5459317585303,882.9002624671916,0.9742882119483529,0.12,6.5,0.1082416144741319,60.0,2.7049066079602393,5.962616552500186,42.27349314980709,60.21162479124016,0.0,0.1082416144741319,0.10279658649944916,0.9496956138252721,1,1.0529689570452023
55.0,1978 Miyagiken-Oki M=6.7,Yuriagekami-2,No,B,3.7500000000000004,2.7887139107611545,1420.6036745406825,826.9028871391076,0.9641459894396188,0.12,6.5,0.12919801082103513,0.0,12.282401062974957,12.827750282531886,39.59232432137795,68.01887173129921,0.0,0.1291980108210351,0.16668949569195934,1.2901862391895287,0,0.7750818987405893
60.0,1978 Miyagiken-Oki M=7.4,Ishinomaki-4,No,B,4.2,4.593175853018372,3015.475065616798,2442.246719160105,0.9723687569638935,0.2,7.7,0.15607759173828006,10.0,23.533463271357142,24.812030968475185,116.93540521106141,144.38172684822678,0.0,0.15607759173828004,0.2662159625140214,1.7056642119416332,0,0.5862818677901764
62.0,1978 Miyagiken-Oki M=7.4,Kitawabuchi-3,No,B,4.274,10.0,1582.6771653543308,1331.6850393700788,0.9909899339827916,0.28,7.7,0.2143539282713186,0.0,17.962388503752038,18.555159691395538,63.76142445829607,75.77899243228347,0.0,0.2143539282713186,0.19488156541336152,0.9091578912735859,1,1.0999189575302026
63.0,1978 Miyagiken-Oki M=7.4,Nakajima-2,No,B,4.572,8.0,1755.0,1318.2,0.9672278741913661,0.24,7.7,0.2008857892551299,26.0,14.929640070565762,17.880384765578768,63.11575728198,84.0298543695,0.0,0.20088578925512987,0.18798152262903622,0.9357631683458458,1,1.0686464629375252
64.0,1978 Miyagiken-Oki M=7.4,Nakamura 1,No,B,2.9999999999999996,2.952755905511811,1186.0236220472439,756.1023622047244,0.9919211248233346,0.32,7.7,0.323633312582297,4.0,24.90931437648266,25.56008514607441,36.20237685726378,56.787118085137784,0.0,0.323633312582297,0.31811908356176677,0.9829614912737761,1,1.0173338517098411
72.0,1978 Miyagiken-Oki M=7.4,Yuriage Br-5,No,B,7.499999999999999,4.2650918635170605,3054.4619422572177,1785.1706036745406,0.9770992558026345,0.24,7.7,0.260806416812011,17.0,24.587158162629407,26.79063390730368,85.4744306846063,146.24842859547243,0.0,0.260806416812011,0.33134595245942056,1.2704670249668526,0,0.7871121251856896
75.0,1978 Miyagiken-Oki M=7.4,Yuriagekami-3,No,B,5.999999999999999,7.0538057742782145,2354.822834645669,1566.6338582677163,0.9700039503676892,0.24,7.7,0.22745151372478023,0.0,26.03347738008201,26.693633737694274,75.01083473536416,112.74952698646652,0.0,0.2274515137247802,0.33566255375132703,1.4757543190391065,0,0.6776195651936971
76.0,1979 Imperial Valley ML=6.6,Heber Road A1,No,A,3.4000000000000004,5.905511811023622,1246.7191601049867,919.1601049868766,0.82,0.47,6.53,0.33978369503141054,13.0,46.51243031767443,48.67337935450961,44.00962379732283,59.69323616141732,0.0,0.3397836950314106,391.59009841867163,1152.4687739429992,0,0.0008677024684830721
78.0,1979 Imperial Valley ML=6.6,Heber Road A3,No,A,3.35,5.905511811023622,1200.7874015748032,883.4645669291339,0.75,0.47,6.53,0.31142212566844923,25.25,18.646848603882333,21.66920146588596,42.300512193543305,57.49401167125985,0.0,0.3114221256684492,0.30228975688920273,0.9706752731211875,1,1.0302106458162053
79.0,1979 Imperial Valley ML=6.6,Kornbloom B,No,A,4.038600000000001,9.0,1410.0,1144.8,0.83,0.13,6.53,0.08638220649895179,83.0,7.094447335107455,10.60869387187321,54.81332038872,67.511165049,0.0,0.08638220649895179,0.1390122517913215,1.6092695177103211,0,0.6213999513411566
82.0,1979 Imperial Valley ML=6.6,Radio Tower B2,No,B,2.49936,6.561679790026246,852.766404199475,750.5352230971129,0.99,0.18,6.53,0.13160732442485837,18.0,16.578089583290453,18.670459033495145,35.93582079545902,40.83067621429291,0.0,0.13160732442485837,0.2434178737080562,1.8495769500050616,0,0.5406641772851155
84.0,1980 Mid-Chiba M=6.1,Owi-1,No,A,5.499999999999999,3.280839895013123,2165.354330708661,1244.0944881889761,0.8073673104195165,0.07858116822750856,6.1,0.07177589320514086,30.0,8.892013279426314,11.994271395947731,59.56756619055117,103.67772596456692,0.0,0.07177589320514084,0.15758658483496812,2.1955363813387025,0,0.45546956474948586
85.0,1980 Mid-Chiba M=6.1,Owi-2,No,B,14.5,3.280839895013123,5708.661417322834,2944.8818897637793,0.4913743672019736,0.07858116822750856,6.1,0.04865312490990144,27.0,3.7247952168743366,6.28386677594733,141.001707311811,273.3321866338582,0.0,0.04865312490990144,0.09786521686823418,2.0114888211079234,0,0.4971441996129028
88.0,1981 Westmorland ML=5.6,Radio Tower B2,No,B,2.49936,6.561679790026246,852.766404199475,750.5352230971129,0.98,0.16,5.9,0.11580262889908977,18.0,16.578089583290453,18.670459033495145,35.93582079545902,40.83067621429291,0.0,0.11580262889908975,0.27008167611908407,2.3322585910759663,0,0.428768921176386
89.0,1981 Westmorland ML=5.6,River Park A,No,B,1.0524,1.0,369.8031496062992,216.7511811023622,0.99,0.17,5.9,0.1866408078859609,91.0,3.9806130189093385,7.312878684807904,10.37810266806189,17.70627054518504,0.0,0.18664080788596088,0.1205212284206358,0.6457388916483648,1,1.5486135540749602
90.0,1981 WestMorland ML=5.6,River Park C,No,A,4.2672,1.0,1595.0,783.8000000000001,0.97,0.17,5.9,0.21811696223526406,13.181818181818182,19.91023883219167,21.515873146196117,37.52854692582,76.3690129455,0.0,0.2181169622352641,0.3385663213967918,1.5522237148691325,0,0.6442370326008773
92.0,1981Westmorland ML=5.6,McKim Ranch A,No,A,2.7432000000000003,5.0,1030.0,780.4,0.93,0.09,5.9,0.07180567657611481,19.75,7.948480628063765,9.959684378161528,37.365754045559996,49.316666667,0.0,0.07180567657611482,0.1445305726555375,2.0128014879482894,0,0.49681998249083714
93.0,1983 Nihonkai-Chubu M=7.1,Arayamotomachi,No,B,3.2500000000000004,3.280839895013123,1177.0013123359581,716.3713910761155,0.9348548998115003,0.15,7.1,0.149757140107484,5.0,7.888457144880974,8.397121517784523,34.30004767327756,56.35512756028544,0.0,0.14975714010748403,0.1199128085906008,0.8007151345474195,1,1.2488836002397037
94.0,1983 Nihonkai-Chubu M=7.1,Arayamotomachi Coarse Sand,No,B,9.25,3.280839895013123,3576.1154855643044,1887.1391076115485,0.6976862104203739,0.15,7.1,0.12890577540407727,0.0,16.878014485944014,17.461732282078717,90.3567090527559,171.2253353051181,0.0,0.12890577540407727,0.19082583025630478,1.480351284945368,0,0.675515338939909
96.0,1983 Nihonkai-Chubu M=7.7,Akita Station,No,B,2.9999999999999996,5.741469816272965,1181.1023622047242,925.1968503937006,0.999064072607002,0.204,7.7,0.16911816514172995,2.6666666666666665,16.04500003773038,16.621763032469705,44.298664730314954,56.551486889763765,0.0,0.16911816514172992,0.18250272454541858,1.079143239240277,0,0.9266610433513957
101.0,1983 Nihonkai-Chubu M=7.7,Hakodate,No,A,5.25,5.2493438320209975,2066.9291338582675,1319.6850393700788,0.9170543381844595,0.051,7.7,0.047613915388358546,66.0,5.2231858774809785,8.628070850624795,63.18686135149607,98.96510205708661,0.0,0.047613915388358546,0.11201633392104127,2.3525965677762537,0,0.425062254063063
109.0,1983 Nihonkai-Chubu M=7.7,Ohama No. Rvt. (1),No,B,5.5470165584878455,4.757217847769029,2251.07306368432,1412.3137682458632,0.972801054587509,0.174,7.7,0.17536585458427112,3.0,23.95102970607684,24.593799798636883,67.62194887164652,107.78196109202143,0.0,0.1753658545842711,0.2853495257741688,1.6271669673131584,0,0.614565081573183
111.0,1987 Elmore Ranch Mw=6.2,Radio Tower B1,No,B,4.25,6.561679790026246,1505.0853018372704,1044.4553805774278,0.97,0.09,6.2,0.08177090859117324,43.5,6.184651436915766,9.645727049010592,50.00879403154528,72.06387391855316,0.0,0.08177090859117322,0.13455116724183014,1.6454649894443543,0,0.6077309492544616
112.0,1987 Elmore Ranch Mw=6.2,Wildlife B,No,A,4.7244,3.0,1800.0,1020.0,0.75,0.13,6.2,0.11183823529411765,26.2,11.28066816319271,14.094473729768104,48.837864078,86.18446602,0.0,0.11183823529411764,0.1839642550551191,1.6449137861601706,0,0.607934597189051
118.0,1987 Superstition Hills Mw=6.6,Radio Tower B1,No,B,4.25,6.561679790026246,1505.0853018372704,1044.4553805774278,0.94,0.2,6.54,0.1760931364850008,43.5,6.184651436915766,9.645727049010592,50.00879403154528,72.06387391855316,0.0,0.1760931364850008,0.1311722061549217,0.7449024350025967,1,1.3424576870882614
113.0,1987 Superstition Hills Mw=6.7,Heber Road A1,No,A,3.4000000000000004,5.905511811023622,1246.7191601049867,919.1601049868766,0.96,0.156,6.54,0.13203426613363792,13.0,46.51243031767443,48.67337935450961,44.00962379732283,59.69323616141732,0.0,0.13203426613363792,390.21071411652036,2955.3745822434475,0,0.0003383665833793875
114.0,1987 Superstition Hills Mw=6.7,Heber Road A2,No,A,3.22,5.905511811023622,1103.0183727034118,812.3097112860892,0.95,0.15,6.54,0.1257735508417073,20.857142857142858,3.5008457200782694,5.4698951432307865,38.8935992833622,52.812805256496056,0.0,0.1257735508417073,0.09957962509106538,0.7917374076238941,1,1.2630450328236085
115.0,1987 Superstition Hills Mw=6.7,Heber Road A3,No,A,3.35,5.905511811023622,1200.7874015748032,883.4645669291339,0.95,0.13,6.54,0.10910817736185384,25.25,18.646848603882333,21.66920146588596,42.300512193543305,57.49401167125985,0.0,0.10910817736185383,0.30169393463060684,2.7650900411437394,0,0.3616518757509844
116.0,1987 Superstition Hills Mw=6.7,Kornbloom B,No,A,4.038600000000001,9.0,1410.0,1144.8,0.94,0.174,6.54,0.13094229559748427,83.0,7.094447335107455,10.60869387187321,54.81332038872,67.511165049,0.0,0.13094229559748427,0.13890123495155685,1.0607820362225686,0,0.942700730077394
117.0,1987 Superstition Hills Mw=6.7,McKim Ranch A,No,B,2.7432000000000003,5.0,1030.0,780.4,0.95,0.16,6.54,0.1303997949769349,19.75,7.948480628063765,9.959684378161528,37.365754045559996,49.316666667,0.0,0.13039979497693494,0.13739009429140805,1.0536066741186947,0,0.9491207910546554
119.0,1987 Superstition Hills Mw=6.7,Radio Tower B2,No,B,2.49936,6.561679790026246,852.766404199475,750.5352230971129,0.99,0.18,6.54,0.13160732442485837,18.0,16.578089583290453,18.670459033495145,35.93582079545902,40.83067621429291,0.0,0.13160732442485837,0.2430275820255337,1.8466113727909657,0,0.5415324603403701
120.0,1987 Superstition Hills Mw=6.7,River Park A,No,B,1.0524,1.0,369.8031496062992,216.7511811023622,0.99,0.19,6.54,0.2085985499901916,91.0,3.9806130189093385,7.312878684807904,10.37810266806189,17.70627054518504,0.0,0.2085985499901916,0.11588723855577694,0.555551505804935,1,1.800013121287659
121.0,1987 Superstition Hills Mw=6.7,River Park C,No,A,4.2672,1.0,1595.0,783.8000000000001,0.93,0.19,6.54,0.23372508930849706,13.181818181818182,19.91023883219167,21.515873146196117,37.52854692582,76.3690129455,0.0,0.23372508930849709,0.29815306571797856,1.275657083285749,0,0.7839097302107784
123.0,1989 Loma Prieta Mw=7,Alameda BF Dike,No,B,6.499999999999999,9.84251968503937,2616.4698162729655,1899.9343832020995,0.9867643346095457,0.24,6.93,0.21198989961798234,7.0,43.82605438951404,44.95824252233648,90.96935016072834,125.27725220718503,0.0,0.21198989961798234,39.13256271495626,184.59635475782255,0,0.005417225065532469
141.0,1989 Loma Prieta Mw=7,General Fish,No,B,2.02692,5.483689538807648,748.9946569178853,676.2168841394825,0.9929317182976176,0.25,6.93,0.1787168325489028,5.0,15.127634345997997,15.696738294478747,32.37743948514973,35.86205808794502,0.0,0.17871683254890278,0.19053542465130846,1.0661302683907612,0,0.9379716809929995
125.0,1989 Loma Prieta Mw=7,Hall Avenue,No,A,4.625,11.48293963254593,1572.752624671916,1342.4376640419948,0.72,0.14,6.93,0.07676092136616362,30.0,5.104346769556681,8.016866508421717,64.27626291144193,75.30380285494587,0.0,0.07676092136616362,0.1121963414720413,1.4616335952618944,0,0.684165992928495
145.0,1989 Loma Prieta Mw=7,MBARI N0.4-B4B5EB2EB3,No,B,5.05,6.414041994750656,2038.9599737532808,1405.3379265091862,0.9751543261490054,0.25,6.93,0.22990830019134284,5.0,25.84210724913158,26.50066586584436,67.287943763249,97.62593143004429,0.0,0.22990830019134287,0.4111834092820663,1.7884670059317387,0,0.5591380756163458
126.0,1989 Loma Prieta Mw=7,MBARI NO:3 EB-1,No,B,2.5,6.561679790026246,926.8372703412074,824.4750656167979,0.99,0.24,6.93,0.17361440509351372,1.0,22.88965641162759,23.523565144717722,39.47607959832677,44.3772084621063,0.0,0.17361440509351372,0.32217019693579396,1.8556651261873334,0,0.5388903341922522
127.0,1989 Loma Prieta Mw=7,MBARI NO:3 EB-5,No,A,4.1000000000000005,5.905511811023622,1592.8477690288714,1121.981627296588,0.99,0.27,6.93,0.24666120094742386,1.0,17.79447351369473,18.385842786389862,53.72077079600394,76.26596356938977,0.0,0.24666120094742383,0.22033009552565952,0.8932499099143815,1,1.1195075296406698
128.0,1989 Loma Prieta Mw=7,Miller Farm CMF10,No,B,8.5,9.84251968503937,3338.2545931758523,2212.270341207349,0.88,0.41,6.93,0.3538841761827079,20.0,20.10683732491609,22.54953771522229,105.9240766937992,159.83649419537397,0.0,0.353884176182708,0.26952750082092164,0.7616263143728882,1,1.312979844746285
147.0,1990 Luzon Mw=7.6,Cereenan St. B-12,No,B,4.95,7.545931758530183,1916.8307086614168,1374.311023622047,0.992877629082845,0.25,7.7,0.2250338338314199,19.0,25.807725831611922,28.309157789074707,65.80236762014763,91.7783505981791,0.0,0.2250338338314199,0.40385600162991464,1.7946456972885962,0,0.5572130485202899
151.0,1993 Kushiro-Oki Mw=8,Kushiro Port Site D,No,B,10.75,5.2493438320209975,4382.381889763779,2509.1535433070867,0.8772293373583667,0.39974992182613367,7.6,0.39810522146676264,0.0,29.833187616650935,30.525067589756286,120.13892127339567,209.82957948056102,0.0,0.39810522146676264,0.48446926644896576,1.2169377348631776,0,0.8217347291909161
156.0,1995 Hyogoken-Nambu ML=7.2,Ashiyama A (Marine Sand),No,B,7.95,11.48293963254593,3088.0905511811025,2177.066929133858,0.8607563038536286,0.4,6.9,0.3174474229705672,2.0,30.588368046786623,31.28655298845588,104.23852820955707,147.8585750971949,0.0,0.3174474229705672,0.7076234534654272,2.2291044193829728,0,0.4486106578519121
155.0,1995 Hyogoken-Nambu ML=7.2,Ashiyama A (Mountain Sand 1),No,B,5.2,11.48293963254593,1960.3018372703411,1612.270341207349,0.9388081387435052,0.4,6.9,0.29678044107647944,18.0,21.45597187944246,23.69495214728788,77.1959213537992,93.85975949064961,0.0,0.2967804410764795,0.3115233568648042,1.0496761704876825,0,0.9526747659093731
159.0,1995 Hyogoken-Nambu ML=7.2,Kobe No 1,No,B,6.000000000000001,7.70997375328084,2541.8307086614172,1794.5866141732283,0.991740170529397,0.4,6.9,0.3652190739329587,3.5,53.19278646531206,54.079694713156826,85.92527170508858,121.70351241067912,0.0,0.3652190739329587,22311.496799378037,61090.72168414084,0,1.6369097834043105e-05
168.0,1995 Hyogoken-Nambu ML=7.2,Kobe No 10,No,B,7.499999999999999,14.632545931758528,3002.62467191601,2380.262467191601,0.9245908269847763,0.6,6.9,0.45487323942255614,8.75,26.20610634019456,27.363902191454823,113.96758317908662,143.76644667086612,0.0,0.4548732394225562,0.4152583567499437,0.9129100610031445,1,1.0953981588297508
170.0,1995 Hyogoken-Nambu ML=7.2,Kobe No 12,No,B,5.299999999999999,10.498687664041995,1911.0892388451439,1481.1679790026246,0.944788765598545,0.5,6.9,0.39618199439014423,14.0,26.23747522173717,28.09068189655082,70.91870630903543,91.50344753690942,0.0,0.39618199439014423,0.4913885066624641,1.240310043415462,0,0.8062500221688794
172.0,1995 Hyogoken-Nambu ML=7.2,Kobe No 14,No,B,4.799999999999999,10.170603674540683,1866.797900262467,1518.766404199475,0.9002506617522648,0.5,6.9,0.35962769727930866,18.5,21.016193471091444,23.303782379295765,72.71892864169291,89.3827667785433,0.0,0.35962769727930866,0.3041870485167608,0.8458387683096353,1,1.1822584131470444
174.0,1995 Hyogoken-Nambu ML=7.2,Kobe No 16,No,B,4.5,8.038057742782152,1724.9015748031497,1305.216535433071,0.9488348552870025,0.6,6.9,0.48903167386870067,5.0,24.59461105011795,25.242754375326207,62.49410563709646,82.58873397859253,0.0,0.4890316738687008,0.36949217520654315,0.7555587806481171,1,1.323523762297093
176.0,1995 Hyogoken-Nambu ML=7.2,Kobe No 18,No,B,10.5,25.098425196850393,4399.606299212598,3816.141732283464,0.9405637544611719,0.7,6.9,0.49338842257579035,0.0,36.693977653916946,37.443138064626815,182.71785414082674,210.65428866437006,0.0,0.49338842257579035,2.034472457038918,4.123470199032485,0,0.24251418143743012
177.0,1995 Hyogoken-Nambu ML=7.2,Kobe No 19,No,B,7.499999999999999,20.01312335958005,2975.7217847769025,2689.107611548556,0.9526361525001066,0.6,6.9,0.4111268193644316,10.0,20.812941510067557,22.046082171478968,128.7551686509055,142.47832946948816,0.0,0.4111268193644316,0.2537241149716331,0.6171431855597984,1,1.6203695080792633
160.0,1995 Hyogoken-Nambu ML=7.2,Kobe No 2,No,B,8.5,9.481627296587927,3622.5393700787404,2474.035433070866,0.980068234543748,0.4,6.9,0.3731099751282807,14.833333333333334,39.60880344140785,41.90350872920647,118.45745706320669,173.448122914813,0.0,0.3731099751282807,9.717193999203369,26.043779708281598,0,0.038396884446154814
178.0,1995 Hyogoken-Nambu ML=7.2,Kobe No 20,No,B,5.999999999999999,6.561679790026246,2493.4383202099734,1674.5406824146978,0.9949823086390589,0.55,6.9,0.5296565306763957,0.0,65.46861626391923,66.45801488080362,80.17744141259841,119.38647232283463,0.0,0.5296565306763957,543906047967.4893,1026903316518.9076,0,9.738015097564326e-13
179.0,1995 Hyogoken-Nambu ML=7.2,Kobe No 21,No,B,3.5000000000000004,5.413385826771653,1300.0328083989502,921.2926509186352,0.9908199276443929,0.6,6.9,0.5452755762556368,0.0,36.79695213321264,37.546972273371175,44.11173064865158,62.24590744463583,0.0,0.5452755762556368,2.783809025170604,5.105324988672324,0,0.19587391639490068
180.0,1995 Hyogoken-Nambu ML=7.2,Kobe No 22,No,B,5.999999999999999,7.874015748031495,2421.2598425196848,1684.2519685039367,0.961721608379392,0.6,6.9,0.5391980546278569,6.0,38.895491283537844,39.81654018623381,80.64242030480314,115.93054812401573,0.0,0.539198054627857,5.227289116257789,9.694562269638665,0,0.10315060878321347
181.0,1995 Hyogoken-Nambu ML=7.2,Kobe No 23,No,B,5.0,9.84251968503937,2001.3123359580054,1591.8635170603675,0.9735742211054855,0.6,6.9,0.4773563627390664,10.0,23.25633602434935,24.53027627480468,76.21883733031497,95.82335278543307,0.0,0.47735636273906645,0.33559644906769376,0.7030312681746702,1,1.4224118403671726
183.0,1995 Hyogoken-Nambu ML=7.2,Kobe No 25,No,B,3.5000000000000004,7.0538057742782145,1329.5603674540682,1053.1824146981626,0.9892741623562286,0.7,6.9,0.5682409464009285,2.5,38.97972253545682,39.747966530762014,50.42664668467519,63.65969461687992,0.0,0.5682409464009285,5.270255456346378,9.274684426961187,0,0.10782038007600933
184.0,1995 Hyogoken-Nambu ML=7.2,Kobe No 26,No,B,3.5000000000000004,2.952755905511811,1361.548556430446,829.265091863517,0.9908199276443929,0.6,6.9,0.6344524659330788,0.0,41.230156823746334,42.01718959703967,39.70542729515748,65.19129738681102,0.0,0.6344524659330788,11.705885344526246,18.45037409904396,0,0.05419944303740795
185.0,1995 Hyogoken-Nambu ML=7.2,Kobe No 27,No,B,2.5,3.4448818897637796,939.1404199475065,642.2900262467192,0.9980301474970119,0.6,6.9,0.5691249455544652,10.0,50.368308799310974,52.094962412640335,30.753012745580712,44.96628645054134,0.0,0.5691249455544651,4141.378695474723,7276.747799975661,0,0.00013742402890524043
161.0,1995 Hyogoken-Nambu ML=7.2,Kobe No 3,No,B,5.499999999999999,8.202099737532809,2148.9501312335956,1534.776902887139,0.9931848945283998,0.4,6.9,0.36156346203118106,3.25,52.77240563242876,53.65580413898464,73.48551546397637,102.89228864665353,0.0,0.361563462031181,15787.361409970732,43664.15046830489,0,2.2902083042377843e-05
188.0,1995 Hyogoken-Nambu ML=7.2,Kobe No 30,No,B,8.5,4.921259842519685,3362.8608923884512,1929.790026246719,0.8995494601322523,0.6,6.9,0.6113480052496904,10.0,38.986874020552456,40.52348142603885,92.3988460793307,161.01465017224407,0.0,0.6113480052496905,6.35533527883542,10.395609741524774,0,0.09619445370342704
189.0,1995 Hyogoken-Nambu ML=7.2,Kobe No 31,No,B,4.0,3.9370078740157477,1541.994750656168,968.766404199475,0.9884477175739842,0.6,6.9,0.6135954572992119,0.0,57.01328057522404,57.93208596221642,46.38478624669291,73.83110788385827,0.0,0.6135954572992119,1346995.4426810432,2195250.024519328,0,4.5552897794362175e-07
190.0,1995 Hyogoken-Nambu ML=7.2,Kobe No 32,No,B,3.5000000000000004,4.593175853018372,1320.5380577427823,890.6167979002626,0.9836820874145454,0.5,6.9,0.4740216350840463,6.25,30.509749807683082,31.38166050944628,42.642962864153546,63.227704092027565,0.0,0.4740216350840463,0.7949883826746377,1.6771141311591873,0,0.5962623422109146
191.0,1995 Hyogoken-Nambu ML=7.2,Kobe No 33,No,B,7.999999999999999,6.561679790026246,3116.7979002624666,1888.4514435695537,0.9009621289985834,0.5,6.9,0.48327320592132134,50.0,27.819726550041683,32.54521426970518,90.41954403818897,149.2330904035433,0.0,0.48327320592132134,0.9004854258852316,1.8633050929619177,0,0.5366807635406587
194.0,1995 Hyogoken-Nambu ML=7.2,Kobe No 36,No,B,3.5000000000000004,3.0839895013123355,1358.2677165354332,834.1732283464569,0.9721333042272315,0.6,6.9,0.6173330945996507,2.5,33.710800728087314,34.43505472439956,39.94043014067717,65.03420992322836,0.0,0.6173330945996508,1.367207478668673,2.2146997959915407,0,0.45152846530709645
197.0,1995 Hyogoken-Nambu ML=7.2,Kobe No 39,No,B,4.5,8.530183727034121,1865.1574803149606,1476.181102362205,0.9985363160555858,0.6,6.9,0.4920444488471,0.0,61.93443197425781,62.89432384023055,70.67993336438977,89.30422304675197,0.0,0.4920444488471,1192894262.566943,2424362809.827427,0,4.1247951665748535e-10
162.0,1995 Hyogoken-Nambu ML=7.2,Kobe No 4,No,B,4.25,6.725721784776902,1642.0603674540685,1191.6666666666667,0.9871383793198998,0.4,6.9,0.35365981306342875,1.3333333333333333,40.38128033958063,41.16122588003035,57.0573085225,78.62227552312993,0.0,0.3536598130634287,8.508213516840796,24.057620353135373,0,0.041566870925771854
198.0,1995 Hyogoken-Nambu ML=7.2,Kobe No 40,No,B,3.5000000000000004,9.186351706036744,1389.4356955380579,1246.1286089238845,0.9952572983920591,0.6,6.9,0.4327883515584342,0.0,42.782067725577704,43.58205733548858,59.66496041797244,66.52654082726379,0.0,0.43278835155843415,22.300500090287258,51.527496084367904,0,0.019407114181575258
164.0,1995 Hyogoken-Nambu ML=7.2,Kobe No 6,No,B,5.799999999999999,7.545931758530183,2340.879265091863,1624.343832020997,0.8866791256764153,0.4,6.9,0.33223155848158314,24.666666666666668,21.917024394292397,25.004246529661653,77.77400321978345,112.08190526624014,0.0,0.33223155848158314,0.34931275276127555,1.0514135212132152,0,0.9511005706357194
204.0,1995 Hyogoken-Nambu ML=7.2,Port Island Improved Site (Ikegaya),No,B,8.5,16.404199475065617,3239.8293963254596,2523.293963254593,0.8730373746264181,0.4,6.9,0.29144759580721996,20.0,22.562806568548673,25.087526080416318,120.815968241437,155.1238702878937,0.0,0.2914475958072199,0.3277712853355452,1.124631975184835,0,0.8891797690845918
205.0,1995 Hyogoken-Nambu ML=7.2,Port Island Improved Site (Tanahashi),No,B,10.0,16.404199475065617,3854.9868766404197,2831.3648293963256,0.8224218248268648,0.4,6.9,0.29113542002851356,20.0,19.14368274712003,21.554217794719467,135.5664810718504,184.57776970964565,0.0,0.2911354200285135,0.24307111407138932,0.83490739136991,1,1.1977376297498183
206.0,1995 Hyogoken-Nambu ML=7.2,Port Island Improved Site (Watanabe),No,B,9.5,16.404199475065617,3723.7532808398946,2802.49343832021,0.961626780599611,0.4,6.9,0.3322126702820712,20.0,32.77490251540253,35.64066340677185,134.18411139232282,178.29427116633858,0.0,0.33221267028207113,1.4762159088477242,4.443587017901263,0,0.22504341559452726
,,,,,,,,,,,,,,,,,,,,,,0,
,,,,,,,,,,,,,,,,,,,,,,0,
