id,event,Mw,PGA,GWT,y,profile,crit_FS,crit_depth,qc1Ncs_crit,Ic_crit,sev_crit,n_liq_layers,LPI,crit_FS_capped,log_LPI
SiteD,Niigata,7.6,0.162,1.1,1,measured,0.522441614998026,9.4,55.45980251772972,1.7768384220289857,87.24740950002176,911,9.044184082783296,0.522441614998026,2.3069937687641175
SiteE,Niigata,7.6,0.162,1.4,1,measured,0.6496207767105864,10.52,80.9218885339027,2.5531688118882716,100.08436867687868,1034,7.308583668535972,0.6496207767105864,2.1172891573420394
SiteF,Niigata,7.6,0.162,1.7,0,measured,0.7548880682580732,4.6899999999999995,75.31072387608471,2.5818041941278955,56.5318837404308,204,0.6322332932038635,0.7548880682580732,0.4899491955927156
BAL-10b,San Fernando,6.6,0.45,7.2,0,measured,0.44914950278251203,10.610000000000001,92.45071371263671,2.4588473432795106,148.55265929020965,166,1.399910008107892,0.44914950278251203,0.8754312400291724
BAL-11b,San Fernando,6.6,0.45,7.6,0,measured,0.4024935246051565,10.16,76.36129266971625,2.592554947063902,145.55926327025384,84,0.48144337547765126,0.4024935246051565,0.393016866226217
17thMiddle,Haicheng,7.0,0.3,1.0,0,measured,0.28848692946321336,9.25,68.4738808921744,2.594726887323322,62.481539230988915,511,16.707519795459618,0.28848692946321336,2.8739893965588723
papermill,Haicheng,7.0,0.3,1.52,1,measured,0.3349471249574071,8.459999999999999,70.65689387573478,2.5975072407624427,70.82351708367244,743,26.59693608560355,0.3349471249574071,3.317704755169708
T1,Tangshan,7.6,0.64,3.7,1,measured,0.294346215196614,5.25,100.84767914402445,2.594965920663531,74.33500664973373,151,4.774896142691844,0.294346215196614,1.7535202722966798
T4,Tangshan,7.6,0.64,1.1,0,measured,0.16815189084298374,4.359999999999999,80.97571884518719,2.5811382679992754,36.889427078162385,128,4.257207397349577,0.16815189084298374,1.6595999727139708
T6,Tangshan,7.6,0.64,1.5,1,measured,0.20027341504871585,3.83,78.47288360261813,2.5947477823048635,45.74125367975547,278,15.489238247795257,0.20027341504871585,2.8027079407073607
T7,Tangshan,7.6,0.64,3.0,1,measured,0.23648993672708302,7.700000000000001,98.98134735938291,2.234213509835138,96.66863213689852,529,16.893600752395002,0.23648993672708302,2.884443149062197
T8,Tangshan,7.6,0.64,2.2,1,measured,0.20612433511416856,5.57,83.55140598454642,1.9043685737506855,66.32213342660498,651,24.03605644014917,0.20612433511416856,3.2203170434196027
T9,Tangshan,7.6,0.64,1.1,0,measured,0.16454999789884464,2.91,53.79920692833512,1.7952889869589226,34.41277824750006,571,29.667688044919466,0.16454999789884464,3.4232095936388958
T10,Tangshan,7.6,0.64,1.5,1,measured,0.17544786920619151,5.94,79.10486119831653,2.5845977658236268,60.561917437894884,254,13.019823493174052,0.17544786920619151,2.6404722918819763
T11,Tangshan,7.6,0.61,0.9,1,measured,0.17808476157667594,2.3800000000000003,60.86893838318631,1.8034642975991135,25.400975296956027,334,8.846597545753017,0.17808476157667594,2.287125968683304
T13,Tangshan,7.6,0.58,1.1,1,measured,0.17824311450569053,14.149999999999999,78.49401414433282,2.5920970292571273,134.35107421070094,922,19.622771217086875,0.17824311450569053,3.0263958641797557
T16,Tangshan,7.6,0.26,3.5,0,measured,0.5116813304601241,10.39,87.535695515544,2.594075205018539,124.54964989283687,669,2.7375050913097114,0.5116813304601241,1.3184183009392112
KOR4c,Imperial Valley,6.53,0.13,2.7,0,measured,0.9582625752509324,13.1,68.4411210051473,2.0749086609825285,134.78500916275306,386,0.014977467457009657,0.9582625752509324,0.014866412697592823
KOR5c,Imperial Valley,6.53,0.13,2.7,0,measured,1.0042169353379082,17.95,66.4129633024497,2.5354266866957387,176.85826840205425,501,0.0,1.0042169353379082,0.0
MCK4b,Imperial Valley,6.53,0.51,1.5,0,measured,0.20651407200003744,11.18,66.38732274831852,1.813333896376276,95.346622308664,223,8.796598763065397,0.20651407200003744,2.282035260442206
MCK7b,Imperial Valley,6.53,0.51,1.5,1,measured,0.27288045251221676,4.88,86.27857885725737,2.5819315956580504,51.54205153480164,369,18.7763568672408,0.27288045251221676,2.9844871265837813
Rad2d,Imperial Valley,6.53,0.2,2.1,1,measured,0.5929482984618669,13.969999999999999,68.47236758366259,2.078691291973913,129.76487019044652,948,10.537083265842693,0.5929482984618669,2.4455664792063314
Rad4d,Imperial Valley,6.53,0.2,2.1,0,measured,0.611320940244518,14.95,67.02605272050354,2.0026412616026374,148.61793247876503,1087,6.7750989072644066,0.611320940244518,2.050926179175948
RVP002,Imperial Valley,6.53,0.16,0.3,1,measured,0.5975093925727737,3.0300000000000002,65.8317580067083,2.5932654892333433,26.79307390950029,715,4.110921999252531,0.5975093925727737,1.6313798183221093
Delta1,Victoria (Mexicali),6.33,0.19,2.3,0,measured,0.7242867155991879,5.1899999999999995,73.51740533872746,2.552357741017482,56.76887353332073,39,0.5910027669872087,0.7242867155991879,0.4643644885038601
Delta2,Victoria (Mexicali),6.33,0.19,2.2,1,measured,0.6742375999356822,5.200000000000001,67.3080254924644,1.7870584486441314,56.040959376276476,299,1.8080222887659998,0.6742375999356822,1.0324804237267915
Delta3,Victoria (Mexicali),6.33,0.19,2.0,1,measured,0.5324578469948206,9.950000000000001,54.1534487534111,1.7682203267097514,89.07514633812801,567,6.510514580517578,0.5324578469948206,2.0163039828052063
Delta3',Victoria (Mexicali),6.33,0.19,2.2,1,measured,0.6338989409079195,9.41,72.92280115349892,2.586084259504824,85.61526247706011,383,3.495959234164582,0.6338989409079195,1.503179045416071
Delta4,Victoria (Mexicali),6.33,0.19,2.0,1,measured,0.6245632024465984,7.630000000000001,70.0127235677827,2.577720141273362,74.11517193564445,392,4.010009505999601,0.6245632024465984,1.6114378125000832
3Cgb,Elmore Ranch,6.22,0.133,1.2,0,measured,0.7485809167330179,5.68,61.77487148146288,1.8077962244747807,47.09362490369565,498,1.8398734589835162,0.7485809167330179,1.0437594944844906
3Cgc,Westmorland,5.9,0.26,1.2,1,measured,0.3945418010521642,5.68,61.77487148146288,1.8077962244747807,47.09362490369565,498,13.281498742430115,0.3945418010521642,2.6589649053558464
HEB001B,Westmorland,5.9,0.17,1.8,0,measured,0.7132745903688242,6.880000000000001,62.225436629431876,1.7069320460935442,78.98090260202994,333,0.023807616415209176,0.7132745903688242,0.023528634372151344
KOR4b,Westmorland,5.9,0.32,2.7,1,measured,0.4333364864664092,13.1,68.4411210051473,2.0749086609825285,134.78500916275306,386,6.110098708762509,0.4333364864664092,1.9615161268077408
KOR5b,Westmorland,5.9,0.32,2.7,1,measured,0.4677867626348443,17.95,66.4129633024497,2.5354266866957387,176.85826840205425,501,5.5998643855490915,0.4677867626348443,1.887049101177197
MCK4,Westmorland,5.9,0.09,1.5,0,measured,1.2847687140911517,11.18,66.38732274831852,1.813333896376276,95.346622308664,223,0.0,1.2847687140911517,0.0
MCK7,Westmorland,5.9,0.09,1.5,0,measured,1.6596792937618694,4.88,86.27857885725737,2.5819315956580504,51.54205153480164,369,0.0,1.6596792937618694,0.0
Rad2b,Elmore Ranch,6.22,0.09,2.1,0,measured,1.3921470903894515,13.969999999999999,68.47236758366259,2.078691291973913,129.76487019044652,948,0.0,1.3921470903894515,0.0
Rad2c,Westmorland,5.9,0.2,2.1,1,measured,0.6638310379981671,13.969999999999999,68.47236758366259,2.078691291973913,129.76487019044652,948,7.206023604562721,0.6638310379981671,2.1048684705163105
Rad4c,Westmorland,5.9,0.2,2.1,0,measured,0.6882005009239806,14.95,67.02605272050354,2.0026412616026374,148.61793247876503,1087,4.343278166164738,0.6882005009239806,1.675839353414353
RVP002B,Westmorland,5.9,0.17,0.3,0,measured,0.5895536418250643,3.0300000000000002,65.8317580067083,2.5932654892333433,26.79307390950029,715,4.130080163483387,0.5895536418250643,1.635121285470604
Akitna B,Nihonkai-Chubu,7.7,0.17,1.0,1,measured,0.5353460909698882,4.97,58.92716774058292,1.9127327233342735,48.08970731636698,955,15.825474395193815,0.5353460909698882,2.82289407098434
Akitna C,Nihonkai-Chubu,7.7,0.17,2.4,0,measured,1.1084036508019608,3.75,103.28114124127443,1.9998537057797356,55.99772952921148,123,0.0,1.1084036508019608,0.0
CPT-1a,Borah Peak,6.88,0.5,0.8,1,measured,0.19372994234156207,7.8100000000000005,63.87300713760485,2.5943894468062423,75.00209944745117,781,14.334670276345115,0.19372994234156207,2.7301162959555403
CPT-2,Borah Peak,6.88,0.5,2.4,1,measured,0.3590311443035634,3.38,84.40880929659008,2.0202410324602122,57.592670050873664,639,3.1159623638599574,0.3590311443035634,1.4148726740670137
CPT-3,Borah Peak,6.88,0.5,6.8,1,measured,0.45421483138902957,12.41,112.19019606958241,2.5670716601583217,178.75648746329904,578,2.4561212950122835,0.45421483138902957,1.2401469472623508
AWA004,Edgecumbe,6.6,0.37,1.1,1,measured,0.2903623848995867,8.370000000000001,72.81231000771317,2.5600411573784676,75.47894012070064,604,14.027572968403977,0.2903623848995867,2.7098867115776164
BDY001,Edgecumbe,6.6,0.4,1.65,1,measured,0.27275199964841296,11.22,70.36883511543907,1.8448188138913229,96.63797227217178,977,39.95947220016758,0.27275199964841296,3.7125830949101344
BDY004,Edgecumbe,6.6,0.4,1.53,0,measured,0.2791819901514471,7.28,67.70990237415147,1.807653663585653,75.46743445254742,965,33.706000480415206,0.2791819901514471,3.546912596510737
EPB001,Edgecumbe,6.6,0.39,3.5,1,measured,0.3277223970788,13.270000000000001,68.64500355693642,1.8069758799386986,136.68950759027828,554,10.166177486130156,0.3277223970788,2.4128893419911224
GDN001,Edgecumbe,6.6,0.43,0.5,1,measured,0.2147177570327181,3.2800000000000002,61.715211657142206,1.8785377956539182,27.264731709343923,689,28.261073459306537,0.2147177570327181,3.376258081839964
GDN002,Edgecumbe,6.6,0.43,0.9,0,measured,0.497576318204348,5.51,126.71118438124162,1.8141195467824884,56.43962687514746,522,2.0944531242736497,0.497576318204348,1.1296111940048756
HSP001,Edgecumbe,6.6,0.26,4.4,0,measured,1.008767746919353,5.9,114.90625392163673,1.6962678284943702,93.1218389435423,189,0.0,1.008767746919353,0.0
JSL006,Edgecumbe,6.6,0.28,2.0,1,measured,0.4018200185224676,9.73,70.51119912800476,1.8548309307591702,88.51436939771766,1286,26.364393380910016,0.4018200185224676,3.309242656650924
KER001,Edgecumbe,6.6,0.31,2.5,1,measured,0.3682228891344506,10.91,62.37653635400595,1.8624844432446765,113.3037972352328,1200,24.644894475748153,0.3682228891344506,3.2443445060247393
LRB007,Edgecumbe,6.6,0.27,1.2,1,measured,0.3943425862800555,5.43,69.54980308139498,1.7758740668992234,48.502114387295414,1398,20.105093392779146,0.3943425862800555,3.049514404374121
MRS001,Edgecumbe,6.6,0.42,1.6,1,measured,0.2512684560418434,8.06,62.82075970024924,1.7992425995805184,79.25026604862092,1002,30.650219436765973,0.2512684560418434,3.4547450817973027
MRS002,Edgecumbe,6.6,0.42,1.89,0,measured,0.26321323503,11.15,66.29688620143699,1.8933889239711348,105.03552079415157,812,22.94121106907751,0.26321323503,3.1756012865310783
MRS003,Edgecumbe,6.6,0.41,2.08,0,measured,0.27312014903340853,7.359999999999999,63.13738885023709,1.7138799422783222,76.3182521546658,936,29.017417887651344,0.27312014903340853,3.401777809436404
RBN001,Edgecumbe,6.6,0.44,0.8,1,measured,0.1935724004853303,3.97,49.82743205524869,1.8078359566903612,32.439291711424275,1169,46.017049129979654,0.1935724004853303,3.8505102833794855
RBN002,Edgecumbe,6.6,0.44,0.7,0,measured,0.20592315971462052,8.29,60.0210256528826,1.807939871007595,68.87150663643772,1098,35.85703573384983,0.20592315971462052,3.6070465294161456
RBN003,Edgecumbe,6.6,0.44,0.9,0,measured,0.24134494655275462,4.95,74.35318511102231,1.755581275135393,41.98208781432921,1100,34.939101152733684,0.24134494655275462,3.5818258713802757
RBN004,Edgecumbe,6.6,0.44,0.61,1,measured,0.2008490935829644,3.21,56.55166349395373,1.7462784262459847,25.45040942719115,1345,49.6369690545805,0.2008490935829644,3.9246819232520265
SPS001,Edgecumbe,6.6,0.26,1.3,1,measured,0.34091581324961046,7.61,53.88377712723029,1.8297327159432029,61.49227915742036,1217,33.10442011443112,0.34091581324961046,3.5294269980133293
WBM001,Edgecumbe,6.6,0.27,1.44,0,measured,0.3737228738435661,7.180000000000001,61.23308877672057,1.7711024552341084,66.60084955142199,863,16.884931264429692,0.3737228738435661,2.8839585295070456
WBM002,Edgecumbe,6.6,0.27,1.44,0,measured,0.39002899144786557,7.13,65.60298668178424,1.8659790320071499,67.14788137978665,964,19.367845298917526,0.39002899144786557,3.0139574464856134
WCP001,Edgecumbe,6.6,0.27,2.35,1,measured,0.4629031022831189,7.35,74.2787043123989,2.5946694919155515,74.82818619962865,532,15.717597532468748,0.4629031022831189,2.8164619090829333
WCP002,Edgecumbe,6.6,0.27,2.2,1,measured,0.42154100107449555,10.58,66.95891700705349,2.2472788238376333,103.07725274607091,673,13.691611503975793,0.42154100107449555,2.68727668491626
WCP003,Edgecumbe,6.6,0.27,2.2,0,measured,0.4541307533753761,6.75,72.68155917067892,1.800210835326926,68.08977733866101,904,11.877249995361712,0.4541307533753761,2.555462188202886
3Cg,Superstition Hills,6.54,0.206,1.2,1,measured,0.46494803778023336,11.58,56.71138846519824,1.7467602465458227,97.67292851448728,498,10.375174230782795,0.46494803778023336,2.4314332817116044
HEB001,Superstition Hills,6.6,0.16,1.8,0,measured,0.7055627391000316,6.880000000000001,62.225436629431876,1.7069320460935442,78.98090260202994,333,0.027354662924428425,0.7055627391000316,0.026987210108147867
KOR4,Superstition Hills,6.54,0.174,2.7,0,measured,0.7147525462775324,13.1,68.4411210051473,2.0749086609825285,134.78500916275306,386,0.31326320091266113,0.7147525462775324,0.2725150328955761
KOR5,Superstition Hills,6.54,0.174,2.7,0,measured,0.7486760630508524,17.95,66.4129633024497,2.5354266866957387,176.85826840205425,501,0.3772080533109058,0.7486760630508524,0.320058300062365
MCK4c,Superstition Hills,6.54,0.2,1.5,0,measured,0.5258499073540749,11.18,66.38732274831852,1.813333896376276,95.346622308664,223,3.5494006458617164,0.5258499073540749,1.514995498101965
Rad2,Superstition Hills,6.54,0.2,2.1,0,measured,0.5919074967460568,14.0,68.46116282000803,2.077365965765159,129.91519754989923,948,10.587971448715273,0.5919074967460568,2.4499676160375925
Rad4,Superstition Hills,6.54,0.18,2.1,0,measured,0.6779940058619376,14.95,67.02605272050354,2.0026412616026374,148.61793247876503,1087,4.343438320284084,0.6779940058619376,1.675869325973195
RVP002C,Superstition Hills,6.6,0.19,0.3,0,measured,0.5006691228272877,3.0300000000000002,65.8317580067083,2.5932654892333433,26.79307390950029,715,6.376616486779207,0.5006691228272877,1.998315062856466
ABFI-Dike,Loma Prieta,6.93,0.24,5.5,0,measured,0.6437195862702049,10.6,76.27480322358764,2.5343401487487345,160.26052611215474,622,1.614411495300358,0.6437195862702049,0.961039022591092
AIR-18,Loma Prieta,6.93,0.26,2.4,1,measured,0.40094194636694935,9.88,62.90725089278602,2.5914776614216875,90.87507646374263,547,12.492419195776037,0.40094194636694935,2.602127986667531
AIR-21,Loma Prieta,6.93,0.26,2.4,1,measured,0.41328272827524615,7.03,60.41505494223517,1.8540728054176614,69.13589925574796,588,12.785360057845837,0.41328272827524615,2.6236071636737033
C4,Loma Prieta,6.93,0.28,2.8,1,measured,0.385834152465441,12.870000000000001,59.253898072507,1.8123741915298623,129.3806189195097,909,11.026616573726201,0.385834152465441,2.4871222413618352
CMF-3,Loma Prieta,6.93,0.36,4.9,1,measured,0.3492790220745768,12.17,62.99731656979965,1.951356352455461,134.72670753967753,1215,21.557693571011264,0.3492790220745768,3.116076186075956
CMF-5,Loma Prieta,6.93,0.36,4.9,1,measured,0.34612063558898115,10.079999999999998,56.75905908754265,1.8308060138158564,122.74146960786472,847,21.803823508319834,0.34612063558898115,3.1269282196340282
CMF-8,Loma Prieta,6.93,0.36,4.9,1,measured,0.325748988949476,13.35,54.44806575650694,1.8083764686114627,145.5872471732157,969,23.080099660344718,0.325748988949476,3.1813857591506904
CMF-10,Loma Prieta,6.93,0.36,3.0,0,measured,0.3743938184612777,11.91,84.70087139274926,2.511093044543319,124.81181360013774,499,11.314535684763987,0.3743938184612777,2.5107803276350813
CPT-1,Loma Prieta,6.93,0.28,1.9,0,measured,0.41064419187064866,12.92,73.53002678939352,1.8206748032634499,125.92704073922872,1068,8.05214761528954,0.41064419187064866,2.20300203511618
CPT-6,Loma Prieta,6.93,0.28,1.7,0,measured,0.31583189879998563,12.719999999999999,51.48931947541085,1.808327034418344,102.25448260782434,1186,13.773037226874889,0.31583189879998563,2.6928037102628437
FAR-58,Loma Prieta,6.93,0.36,4.8,1,measured,13.404677660554961,17.9,233.55212082409253,2.21396579474013,238.79148373770514,2,0.0,13.404677660554961,0.0
FAR-59,Loma Prieta,6.93,0.36,4.8,1,measured,0.41998535915275154,9.28,79.92264651765474,1.7925983365941107,114.13020865148542,630,17.09184043707316,0.41998535915275154,2.895461032047253
FAR-61,Loma Prieta,6.93,0.36,4.2,1,measured,0.37467045615995775,13.77,76.56702957519362,2.5056581888325824,148.64843262975677,714,18.770185396534966,0.37467045615995775,2.984175014808508
GRA-123,Loma Prieta,6.93,0.34,5.0,1,measured,0.4012124028089658,12.36,71.34336249239693,1.7840267060635902,143.78737820597524,666,13.788048941800753,0.4012124028089658,2.6938193506307666
HBI-P6,Loma Prieta,6.93,0.24,3.0,1,measured,0.4874788680063758,9.55,68.40265005845347,2.2275497634715533,97.07389161428574,459,5.801907703548075,0.4874788680063758,1.917203117476195
JRR-141,Loma Prieta,6.93,0.21,2.1,1,measured,0.5047190771294531,7.7,60.9504434120125,1.8385616808308158,79.52191392078794,891,16.40673952350495,0.5047190771294531,2.8568574601650605
JRR-148,Loma Prieta,6.93,0.21,3.0,1,measured,0.48602692550232257,8.260000000000002,52.830869099084815,1.7939217752411276,77.35659689814247,304,4.7114706224777185,0.48602692550232257,1.742476542604745
KET-74,Loma Prieta,6.93,0.47,1.5,1,measured,0.21052671174921392,11.08,63.66648081317909,2.5304924673109666,98.46207111511526,211,10.19106268289608,0.21052671174921392,2.4151154850083083
LEN-37,Loma Prieta,6.93,0.22,2.5,0,measured,0.4358935965423906,19.93,51.67386902353249,1.7969240942097735,142.300245988794,927,18.394609390445996,0.4358935965423906,2.9649951609853855
LEN-39,Loma Prieta,6.93,0.22,1.9,1,measured,0.44125687616905535,9.52,62.65927254666039,2.583753436590885,79.28471864157966,862,20.719574142893908,0.44125687616905535,3.078213888192762
LEN-51,Loma Prieta,6.93,0.22,1.8,1,measured,0.4909086868211304,11.68,71.29545535547834,2.594211163601644,105.6284586158371,646,13.296664718242896,0.4909086868211304,2.6600262735754914
LEN-52a,Loma Prieta,6.93,0.22,2.7,0,measured,0.6837395478111411,3.9999999999999996,68.93033638692671,2.115042793718017,56.959104602026294,417,2.436629203236566,0.6837395478111411,1.2344911082062588
LEN-53,Loma Prieta,6.93,0.22,2.1,1,measured,0.49460525928380694,6.18,59.6941159092627,1.8011109499416147,65.89964852517593,689,15.612947444310858,0.49460525928380694,2.8101823578714296
MAR-110,Loma Prieta,6.93,0.13,1.8,0,measured,0.9086407784197449,10.58,81.692417672885,2.0183964809156496,98.27525459971267,1096,0.13484627195315435,0.9086407784197449,0.12649719854702585
MAR-111,Loma Prieta,6.93,0.13,1.7,0,measured,0.71919149227052,14.1,53.525498473566024,1.7705069897474703,119.31825842299162,678,0.5160677647067753,0.71919149227052,0.4161199858958331
MCG-136,Loma Prieta,6.93,0.26,2.4,0,measured,0.38934694629780786,16.42,52.65022538886663,1.7778612313986557,148.326509328668,694,9.59553016789146,0.38934694629780786,2.360432229910659
MCG-138,Loma Prieta,6.93,0.26,1.8,0,measured,0.38104786157244275,19.240000000000002,51.664388484464865,1.8174333989535696,158.36669064739522,671,12.773176748150838,0.38104786157244275,2.622722986797806
ML14A,Loma Prieta,6.93,0.28,1.2,1,measured,0.5839587718847697,3.5999999999999996,105.60573065740398,1.5475405652740668,36.32775731352634,490,1.8096785483852154,0.5839587718847697,1.0330700812095295
ML15A,Loma Prieta,6.93,0.28,1.3,1,measured,0.33367482849154384,13.18,55.462377107792186,1.7543048840485134,115.0697257294882,656,9.723443867480821,0.33367482849154384,2.3724323603457544
MRR-65,Loma Prieta,6.93,0.4,5.6,1,measured,0.3657438089584045,11.58,74.97231907870166,1.8152468717607666,139.93245173785579,826,21.52187362879348,0.3657438089584045,3.114486998247347
MRR-67,Loma Prieta,6.93,0.4,6.2,0,measured,0.48762387711235716,7.279999999999999,86.65154720793691,2.592225576942334,114.59661155871788,237,1.2065351767790002,0.48762387711235716,0.7914234919430112
P007-2,Loma Prieta,6.93,0.28,3.0,1,measured,0.46446696520233477,8.450000000000001,73.58636571168796,1.7995203853967687,103.7972905220731,662,11.5315889445793,0.46446696520233477,2.5282525720875313
P007-3,Loma Prieta,6.93,0.28,3.0,0,measured,0.44279167601665026,15.92,70.24231415307592,2.192564479249427,166.71394864570465,1174,14.05607123317792,0.44279167601665026,2.7117813140471556
PD1-44,Loma Prieta,6.93,0.22,3.4,1,measured,0.5790151055235417,9.120000000000001,70.43633144937041,2.5903098354066616,106.84859368763466,503,2.575773148339358,0.5790151055235417,1.2741814180337592
POR-2,Loma Prieta,6.93,0.18,2.4,1,measured,0.6191068035472767,9.69,70.86487232594872,1.876158502737904,89.75577311717969,275,5.1572158265073345,0.6191068035472767,1.817624699157049
POR-3,Loma Prieta,6.93,0.18,2.4,1,measured,0.6308664649981178,9.4,72.8304800056337,1.823998419279089,87.52007554285147,420,6.671616116881867,0.6308664649981178,2.037527299426469
POR-4,Loma Prieta,6.93,0.18,2.4,1,measured,0.5513964521689395,9.82,57.11086442669756,1.7435208866143792,89.55197552962497,403,7.016920972775115,0.5513964521689395,2.081554429556213
RAD-98,Loma Prieta,6.93,0.38,3.5,0,measured,0.3508243004255857,10.78,77.72323524283877,2.5553991332485655,122.47924218786162,953,24.13842463898301,0.3508243004255857,3.224397537673721
RAD-99,Loma Prieta,6.93,0.38,4.1,1,measured,0.3642552006041912,11.4,78.89330568245569,1.826224396150727,129.48791573205023,839,23.741109166822064,0.3642552006041912,3.2084661988947865
RC-6,Loma Prieta,6.93,0.28,2.6,0,measured,1.4340724662671327,4.09,144.50336124012645,1.3500007926184503,61.33482225894035,697,0.0,1.4340724662671327,0.0
RC-7,Loma Prieta,6.93,0.28,3.7,0,measured,0.5095244451138685,9.43,81.3569417034518,2.4133870681262453,114.81197715173221,744,2.0581717537759374,0.5095244451138685,1.1178172713240089
SEA-31,Loma Prieta,6.93,0.22,0.8,1,measured,0.41968878221872663,8.3,69.79888040446299,1.7868646051714232,64.14679675412216,777,27.976278148218544,0.41968878221872663,3.3664775003570826
SFOBB-1,Loma Prieta,6.93,0.28,3.0,1,measured,0.41975676603463324,14.930000000000001,64.91986147135412,2.584751425462179,155.83513510946526,1148,24.729334059762685,0.41975676603463324,3.247631744099508
SFOBB-2,Loma Prieta,6.93,0.28,3.0,1,measured,0.4118791185166606,10.42,63.318665318874466,2.5882116463309677,116.2153466029732,697,12.495031208357497,0.4118791185166606,2.6023215590539928
SIL-68,Loma Prieta,6.93,0.38,3.5,1,measured,0.35361537916213115,11.030000000000001,79.44296347169045,1.8101760895887196,122.79668023150558,863,26.37099374201844,0.35361537916213115,3.309483830103323
SPR-48,Loma Prieta,6.93,0.33,5.3,1,measured,0.359376504716335,9.83,50.76398118905809,1.8065961213445743,103.89063217099604,550,18.057127159008946,0.359376504716335,2.9474411606857105
SRB-116,Loma Prieta,6.93,0.12,6.4,0,measured,1.0853151005574098,17.89,52.286814308105335,1.8148212433130406,225.89298578170053,742,0.0,1.0853151005574098,0.0
SRB-117,Loma Prieta,6.93,0.12,6.4,0,measured,1.2177070394407876,18.98,67.08041674710455,2.5962686430711583,236.57388308484025,757,0.0,1.2177070394407876,0.0
TAN-103,Loma Prieta,6.93,0.13,5.0,1,measured,1.089785455381827,16.110000000000003,77.97116307315375,2.5021287392810114,170.07286454787842,861,0.0,1.089785455381827,0.0
TAN-105,Loma Prieta,6.93,0.13,4.2,0,measured,0.8824640827459777,11.51,57.82681492895505,1.806378778912657,119.08397220453834,1086,0.1473959917876279,0.8824640827459777,0.1374950198795738
Treasure Island Fire Station (CPTU1),Loma Prieta,6.93,0.16,1.5,0,measured,0.7156400731980099,6.98,71.40508875707144,2.0616232052428263,78.9223844106661,945,1.4443520046429763,0.7156400731980099,0.8937800590246241
UC-1,Loma Prieta,6.93,0.28,2.4,1,measured,0.41045913048995575,14.82,67.13795533695576,2.5106707365506553,147.74163211063123,1254,4.855561909416936,0.41045913048995575,1.7673919633101751
UC-2,Loma Prieta,6.93,0.28,1.7,0,measured,0.3793954966090125,12.49,69.2416574453934,2.532922628848201,112.12945817016268,829,7.164356241485729,0.3793954966090125,2.0997778796503836
UC-3,Loma Prieta,6.93,0.28,1.7,0,measured,0.3471990950609808,12.86,55.58514889647975,1.7916624974654878,119.4736000339903,994,6.656734846750276,0.3471990950609808,2.0355856326624204
UC-6,Loma Prieta,6.93,0.28,1.7,0,measured,0.38988760385533217,10.169999999999998,70.21203767126363,2.5973056501337175,100.60426893781681,860,2.3649032611031813,0.38988760385533217,1.2133992141256964
UC-7,Loma Prieta,6.93,0.28,2.4,1,measured,0.4483646332134304,9.16,79.71304984250438,2.561683741769895,96.62147856318983,882,9.920515107665063,0.4483646332134304,2.39064314023584
UC-8,Loma Prieta,6.93,0.28,1.3,1,measured,0.36621715398188476,11.53,70.60072443215373,2.548973381604848,99.13025162004182,1035,20.170274015911154,0.36621715398188476,3.0525980286582426
UC-9,Loma Prieta,6.93,0.28,1.2,1,measured,0.359600830570992,5.73,65.41331785133377,1.873540819345612,53.1635628537618,1408,23.222868764070224,0.359600830570992,3.1872971771912844
UC-10,Loma Prieta,6.93,0.28,1.0,1,measured,0.3563416439187905,5.58,64.92760122156763,2.5950309305379897,53.517658519424714,1144,20.605840309651263,0.3563416439187905,3.0729636628488395
UC-11,Loma Prieta,6.93,0.28,1.0,1,measured,0.3693659717552296,5.47,69.9714766599019,2.54621807580076,51.36546540864111,1037,22.821587254348323,0.3693659717552296,3.1705921970701865
UC-12,Loma Prieta,6.93,0.28,1.9,1,measured,0.36572056594407837,14.25,64.02192237623119,1.7584504782876493,120.46446368230136,789,14.1836996849338,0.36572056594407837,2.720222463282475
UC-13,Loma Prieta,6.93,0.28,1.9,1,measured,0.3531703757812155,10.01,62.64082930845794,2.5816678744849266,87.1436336542431,420,9.330578867148123,0.3531703757812155,2.3351083190395436
UC-14,Loma Prieta,6.93,0.28,1.8,1,measured,0.39434077575084364,10.33,72.82509841591738,1.857470639055242,97.92321152354562,1198,20.70059453045816,0.39434077575084364,3.077339657888069
UC-16,Loma Prieta,6.93,0.28,2.5,1,measured,0.41285471057877327,15.17,68.6923612746204,2.056022355437154,145.57848210540635,1068,3.7160142906178795,0.41285471057877327,1.5509640129118138
UC-18,Loma Prieta,6.93,0.28,3.4,0,measured,0.44764452325547394,14.77,70.0827664552747,2.5555016938770456,159.8210726335526,1318,2.2520903567590493,0.44764452325547394,1.1792979762808262
UC-20,Loma Prieta,6.93,0.28,3.0,1,measured,0.42770823380155265,14.93,69.57341532360594,2.126775236652882,148.46663928962778,579,6.985017166465852,0.42770823380155265,2.0775669315038447
UC-21,Loma Prieta,6.93,0.28,2.7,1,measured,0.41685467631677936,14.75,69.32955673075745,2.1739641630997815,142.4151594203547,624,10.139068727962375,0.41685467631677936,2.410458633873857
BAL-10,Northridge,6.69,0.84,7.2,1,measured,0.2369872249675221,10.610000000000001,92.45071371263671,2.4588473432795106,148.55265929020965,166,4.156665274910947,0.2369872249675221,1.6402901060223773
BAL-11,Northridge,6.69,0.84,7.6,1,measured,0.2128695113265959,10.16,76.36129266971625,2.592554947063902,145.55926327025384,84,1.0849500556054494,0.2128695113265959,0.7347449008177922
M-27,Northridge,6.69,0.8,3.4,1,measured,0.18542459571208317,10.77,84.71996207229469,1.7988157448824065,129.51549587795273,1066,19.614573783055164,0.18542459571208317,3.0259982908568537
DMC,Hyogoken-Nambu,6.9,0.37,2.0,1,measured,0.2939872942247061,8.94,73.36246430355268,2.594402779237236,77.39118695196368,587,23.254454332243604,0.2939872942247061,3.188600284319548
FUP-1,Hyogoken-Nambu,6.9,0.65,3.1,0,measured,0.21125188281293023,10.26,80.37412086392557,2.1931195501530993,126.4861029894537,1294,17.763106080847486,0.21125188281293023,2.9318924992145385
HAH-1,Hyogoken-Nambu,6.9,0.5,2.0,1,measured,0.2360943508167686,9.620000000000001,77.52181441282825,2.556406074200792,94.87264183785572,617,29.436880532437385,0.2360943508167686,3.4156550485186545
HCP-1,Hyogoken-Nambu,6.9,0.7,2.5,0,measured,0.21455377779426113,12.2,96.0455640986933,2.542450626305433,136.3513015040171,1058,11.445353783172902,0.21455377779426113,2.521347363151365
IES-1,Hyogoken-Nambu,6.9,0.6,1.4,1,measured,0.16051417672411078,15.549999999999999,60.96880415948158,1.789749771967939,119.48570199513668,1018,28.135227413632286,0.16051417672411078,3.3719480060779534
KAI-1,Hyogoken-Nambu,6.9,0.5,3.0,0,measured,0.3347982203263613,5.090000000000001,85.31434699634276,1.5649563258172772,80.49940734067937,202,1.3216694115423715,0.3347982203263613,0.8422865008496961
KMO-A,Hyogoken-Nambu,6.9,0.6,1.8,1,measured,0.1748249361709446,14.62,64.68004580529845,2.5996217577674705,127.43809615619185,1813,58.15232647786885,0.1748249361709446,4.080115921483022
KMO-B,Hyogoken-Nambu,6.9,0.6,1.8,1,measured,0.19596766437062135,8.32,79.20957997858105,1.8228214251740777,80.08642522709742,1688,49.393858207142664,0.19596766437062135,3.9198693066822803
KOP-2,Hyogoken-Nambu,6.9,0.6,2.5,1,measured,0.17530212603553866,10.21,64.80903532244024,1.90542662413984,90.01325548116931,786,26.941042960740255,0.17530212603553866,3.3300966817198185
KPS-1,Hyogoken-Nambu,6.9,0.45,2.6,1,measured,0.27799566489574734,6.61,67.01708881685609,2.2661934245331303,83.28470476969584,1141,24.77571089827438,0.27799566489574734,3.249432610445058
MIP-1,Hyogoken-Nambu,6.9,0.65,2.0,1,measured,0.168372006456623,8.21,67.85690042531255,2.5922012765491123,81.00440247265294,930,35.415341345628555,0.168372006456623,3.594990151390288
NAP-1,Hyogoken-Nambu,6.9,0.65,1.0,0,measured,0.1785532546196969,5.09,79.69721834121174,2.5979167809952597,50.59061990411787,441,17.67528173346091,0.1785532546196969,2.9272008170341848
NKO-2,Hyogoken-Nambu,6.9,0.6,2.4,1,measured,0.1934831589084619,10.940000000000001,71.37452125974606,1.65869555617474,110.83770182152536,1328,37.98136161124417,0.1934831589084619,3.6630836244915104
NKO-3,Hyogoken-Nambu,6.9,0.6,2.4,1,measured,0.21379473348358013,9.14,81.33572755675942,2.568304237392599,97.50627672597047,886,26.897105092395385,0.21379473348358013,3.328522923314668
NPP-1,Hyogoken-Nambu,6.9,0.6,2.5,1,measured,0.16961383752243336,10.51,58.88663447929024,1.8345122168343357,96.14316711538297,906,28.667973136044324,0.16961383752243336,3.390068118388002
NWC-1,Hyogoken-Nambu,6.9,0.45,2.6,1,measured,0.2467264273541268,8.080000000000002,58.154315534084425,1.7488569497116295,93.30494647524044,992,18.45136502131885,0.2467264273541268,2.967917248646552
SES-1,Hyogoken-Nambu,6.9,0.6,1.9,0,measured,0.2642984300854315,7.39,102.92589550790919,2.5096265019188224,84.38594928537512,612,7.316272313093183,0.2642984300854315,2.118214115141839
SHP-2,Hyogoken-Nambu,6.9,0.65,2.0,0,measured,0.16730987379092166,8.61,64.14054899227,1.8079883461106616,91.53018091476889,1126,23.6258277222571,0.16730987379092166,3.203795799579828
SKF-1,Hyogoken-Nambu,6.9,0.4,1.5,1,measured,0.2689086024675554,6.779999999999999,68.76606161041087,2.467339047306859,66.96926910562956,856,25.340891363264937,0.2689086024675554,3.271122536413203
TCF-1,Hyogoken-Nambu,6.9,0.5,2.0,1,measured,0.22396868249925145,6.57,64.83370579627527,2.285070054861965,70.47022943383496,413,16.013668375696927,0.22396868249925145,2.834017043103416
YKF-1,Hyogoken-Nambu,6.9,0.5,3.0,0,measured,0.2550157091026064,9.8,73.05382886901569,2.5979257079224487,116.36433560771304,436,8.753388826520762,0.2550157091026064,2.2776147965714655
AC2,Kocaeli,7.51,0.4,0.4,1,measured,0.19326008126702293,3.64,60.025886535543414,1.8150070524486253,25.78947264145711,669,37.12425339695322,0.19326008126702293,3.6408506517050903
AK1,Kocaeli,7.51,0.4,0.8,1,measured,0.2175537141529747,5.27,65.99740501550937,2.0875492238529176,41.385063813945216,565,19.87918766111094,0.2175537141529747,3.038752857138406
B1,Kocaeli,7.51,0.4,3.3,1,measured,0.3132799384348588,13.45,85.98415631008096,2.59364561860044,141.34439619961054,845,5.895957842718129,0.3132799384348588,1.9309354200477709
D1,Kocaeli,7.51,0.4,1.5,1,measured,0.26757941285902315,10.15,82.92180244269048,2.506730196724514,92.33273303981537,1063,19.331135401725092,0.26757941285902315,3.0121534746653897
DN-1,Kocaeli,7.51,0.4,1.7,1,measured,0.25710180793529014,15.71,67.91038925081997,1.7767657565525057,157.7793716903351,1693,25.880685552636436,0.25710180793529014,3.291408019520066
DN-2,Kocaeli,7.51,0.4,2.5,0,measured,0.30953108272143687,7.53,80.91761859299216,1.8179830732207334,84.75315925029619,950,15.630243993824383,0.30953108272143687,2.811222965004865
E1,Kocaeli,7.51,0.4,0.5,1,measured,0.19308917890879174,3.2800000000000002,56.52920745962551,1.8061573065936052,23.33635414622346,863,32.97239959533351,0.19308917890879174,3.525548418339269
F1,Kocaeli,7.51,0.4,0.5,1,measured,0.18108700976166167,2.0300000000000002,33.00949780924583,1.7879063492368061,16.61948533442153,1156,50.64087045739431,0.18108700976166167,3.9443134220988534
G1,Kocaeli,7.51,0.4,0.5,1,measured,0.19285433139507663,1.72,31.844426970844253,1.8107869094636206,15.63618047854617,1070,45.583708997011854,0.19285433139507663,3.8412508876711517
H1,Kocaeli,7.51,0.4,1.7,1,measured,0.23516232633037396,10.07,64.61545875486645,2.4142332348079427,91.73505770174704,350,15.70807729062487,0.23516232633037396,2.815892272589328
J2,Kocaeli,7.51,0.4,0.6,1,measured,0.2175164036579904,9.19,72.84393178497156,2.5894029740228954,70.22527427139909,914,36.36141728634055,0.2175164036579904,3.620638548570979
L1,Kocaeli,7.51,0.4,1.72,1,measured,0.2541119764321354,4.85,60.10690908856596,1.7696570642148808,46.569598239773335,526,22.29747714017754,0.2541119764321354,3.1483450774636514
PS-1,Kocaeli,7.51,0.4,1.0,1,measured,0.21289627094395822,9.96,64.93569805343489,2.356236687311679,78.41189100809129,281,12.763218809130677,0.21289627094395822,2.621999730231163
SF-5,Kocaeli,7.51,0.37,1.0,1,measured,0.2233276551255049,14.94,71.71994705414644,1.990207441805283,92.97930976208931,104,5.324282707739491,0.2233276551255049,1.8443966222916601
SH-4,Kocaeli,7.51,0.37,0.5,1,measured,0.2042736185916535,4.17,51.08175230779852,1.8050421822487541,32.40201144692706,1724,59.952117500941036,0.2042736185916535,4.110088596930713
YH-3,Kocaeli,7.51,0.37,1.0,1,measured,0.2443271634899439,6.8500000000000005,67.84348391229861,1.8124620608053195,57.29202360384993,990,35.45099098467905,0.2443271634899439,3.595968645593435
C,Chi-Chi,7.62,0.38,1.0,1,measured,0.23817321491001384,4.09,55.75262252349075,1.759503752392027,37.983194447734434,364,19.23851343537912,0.23817321491001384,3.007587394853291
C2,Chi-Chi,7.62,0.38,5.0,1,measured,0.335313521626034,10.549999999999999,71.84225635034775,2.541204947686137,127.64006629150502,977,19.26099542935907,0.335313521626034,3.0086976303558672
C3,Chi-Chi,7.62,0.38,1.5,1,measured,0.26409411605766114,19.46,72.98028282749927,2.5974903011189534,164.44915009559313,294,11.123499594827654,0.26409411605766114,2.495145684410051
C7,Chi-Chi,7.62,0.38,1.0,1,measured,0.18769388889766334,4.69,45.92486195990509,1.8348776476568585,31.637753028733428,1490,48.483110011512515,0.18769388889766334,3.901631399459987
C8,Chi-Chi,7.62,0.38,1.0,1,measured,0.2371819885990351,13.649999999999999,69.58892093434636,2.578741085412116,112.17281048231177,623,20.916904990948805,0.2371819885990351,3.087258256442374
C13,Chi-Chi,7.62,0.38,2.0,0,measured,0.25216645142235566,7.91,63.72832452942474,2.402762481603232,72.21611432718066,312,11.149167452276089,0.25216645142235566,2.497260644992375
C16,Chi-Chi,7.62,0.38,5.3,0,measured,0.3305532290378565,16.480000000000004,78.02193142254718,2.542726685079226,177.4758632921385,188,0.3939569489268873,0.3305532290378565,0.33214642873868927
K1,Chi-Chi,7.62,0.38,2.5,1,measured,0.2872031657274867,9.139999999999999,72.25058476277749,2.4380607592075547,96.22504145899438,609,20.718336483474957,0.2872031657274867,3.078156902974024
K5,Chi-Chi,7.62,0.38,2.5,1,measured,0.37714362491970066,6.94,95.59781830417062,1.7884533434162924,84.63785403193162,707,16.07644971075287,0.37714362491970066,2.837700304385949
MAA C7,Chi-Chi,7.62,0.6,3.2,1,measured,0.16539457914260372,12.5,56.02385908361217,1.8769352533004087,134.99394266005345,546,21.60555382983734,0.16539457914260372,3.1181956207710297
MAA C8,Chi-Chi,7.62,0.6,3.2,0,measured,0.17723250214722666,15.910000000000002,67.84928843110676,2.3761061260759013,160.64744956179572,1089,33.61125828637289,0.17723250214722666,3.544179013137002
MAA C10,Chi-Chi,7.62,0.6,1.4,1,measured,0.13502295504649037,8.030000000000001,53.777844536245595,1.781358421749871,65.48391317185325,764,37.68257777589199,0.13502295504649037,3.655389312001837
MAA C15,Chi-Chi,7.62,0.6,2.5,1,measured,0.17135780605668605,11.079999999999998,69.40903545867965,2.5554084554975263,108.61214477449687,698,16.792768842588945,0.17135780605668605,2.8787921299598924
WBC-1,Chi-Chi,7.62,0.6,1.1,1,measured,0.15231845900950364,4.85,63.8388385918468,1.743254852931916,40.64159453409928,590,32.16933641016784,0.15231845900950364,3.5016258470358363
WCC-6,Chi-Chi,7.62,0.6,1.2,1,measured,0.17936724399007703,4.89,75.35286827142434,2.58716366434751,48.253181157255156,842,35.27874461443415,0.17936724399007703,3.591232021959003
WK5,Chi-Chi,7.62,0.6,1.0,1,measured,0.16474056133674622,4.65,72.37592821057494,2.5993219854671223,40.602610548961316,597,32.50081190011823,0.16474056133674622,3.5115696743617626
YC2,Chi-Chi,7.62,0.25,0.56,1,measured,0.30550656881364946,3.0300000000000002,45.28653798308881,1.7924991934260468,24.44045024590307,907,25.91635801176254,0.30550656881364946,3.2927342063136473
YC4,Chi-Chi,7.62,0.25,0.7,1,measured,0.31965651452304905,2.23,45.53385564336402,1.9628408889265616,16.694904824072665,888,30.708438122822276,0.31965651452304905,3.456582832301623
YC5,Chi-Chi,7.62,0.25,2.4,0,measured,0.36151324936531926,13.89,57.46979228359822,1.8029446826253386,123.09935080052279,1208,23.01057086907712,0.36151324936531926,3.178494186255263
YC7,Chi-Chi,7.62,0.25,1.7,0,measured,0.3226826275544928,10.75,52.7390211866392,1.824313874770998,86.79271782137462,1213,26.780114226323725,0.3226826275544928,3.3243204491364526
YC8,Chi-Chi,7.62,0.25,1.3,0,measured,0.3385816874667952,12.48,63.542993519953825,2.5823849758297666,97.09698605289321,442,12.167143690476848,0.3385816874667952,2.577724612239158
YC9,Chi-Chi,7.62,0.25,1.2,0,measured,0.3324922812527542,10.82,58.25505828228012,1.8083011736717354,90.51486465333906,900,20.543353999454357,0.3324922812527542,3.07006736988773
YC10,Chi-Chi,7.62,0.25,1.9,0,measured,0.3586010569139712,18.75,57.17976303969685,1.8176685697469304,156.5824697403174,885,17.75843378236736,0.3586010569139712,2.931643453012207
YC11,Chi-Chi,7.62,0.25,2.9,0,measured,0.3841756953204909,15.91,64.52722933959589,2.579197042900859,134.43734318902278,431,10.426569699556017,0.3841756953204909,2.4359413189889416
YC13,Chi-Chi,7.62,0.25,1.1,0,measured,0.35555520283188574,18.61,59.8617205309859,1.7899186745933342,154.71457778209486,1339,32.39580700840467,0.35555520283188574,3.508430353431497
YC15,Chi-Chi,7.62,0.25,1.5,0,measured,0.3781679601074541,14.479999999999999,71.58697687460165,2.4478148846686847,120.96165418261617,1284,25.267356894428584,0.3781679601074541,3.2683269855571426
YC16,Chi-Chi,7.62,0.25,2.5,0,measured,0.37227809138100804,19.35,60.66764292066615,1.7244498410588658,157.3522947071024,670,14.857599341508779,0.37227809138100804,2.76364883914503
YC19,Chi-Chi,7.62,0.25,0.6,1,measured,0.3097020221900276,12.040000000000001,58.43771963646912,1.8077723535979593,90.69737109655432,1091,32.4442887416777,0.3097020221900276,3.509881031837365
YC22,Chi-Chi,7.62,0.25,1.1,1,measured,0.32224300722863025,6.03,54.96096482039614,1.828419902200468,47.48965588133897,1405,35.73198795317447,0.32224300722863025,3.6036479817858096
YC24,Chi-Chi,7.62,0.25,1.2,1,measured,0.3309255031016424,5.87,55.27246636767225,1.7771831641187017,47.37840677141241,1535,37.638701280128586,0.3309255031016424,3.6542543980167452
YC25,Chi-Chi,7.62,0.25,3.5,1,measured,0.47163187527238115,11.37,80.77928900154286,1.8339869606491352,112.24406121765819,652,14.78470447514227,0.47163187527238115,2.759041399955843
YC32,Chi-Chi,7.62,0.25,0.7,1,measured,0.33692062342238155,6.83,66.27863477463437,1.825186113438124,54.20774536971578,913,33.00162294338247,0.33692062342238155,3.526408257105844
YC38,Chi-Chi,7.62,0.25,1.4,0,measured,0.31711485519360105,15.07,51.76061215670612,1.8050402233856075,117.2975015725608,1281,31.679440297620545,0.31711485519360105,3.4867461430893405
YC44,Chi-Chi,7.62,0.25,1.4,0,measured,0.3705048460148666,14.43,72.78124772409565,1.8268540280493426,113.82315658805962,1154,27.576408923056324,0.3705048460148666,3.35258151460907
Capitol Lake-01,"Nisqually, Washington",6.8,0.221,0.6096,1,measured,0.3393312046153063,9.59,61.92703018760241,2.5712163443686524,54.46687881818792,947,37.872121504201935,0.3393312046153063,3.6602773228499497
SODO-01,"Nisqually, Washington",6.8,0.234,3.048,1,measured,0.5489594875063458,8.75,75.09019584556158,2.569992675421917,92.65586758213104,609,7.027448464487385,0.5489594875063458,2.0828667270901535
Capitol Lake-02,"Nisqually, Washington",6.8,0.217,1.524,1,measured,0.6079987112811059,4.4,78.43004680863055,2.477900969209159,50.77306242733147,729,2.1131689860820115,0.6079987112811059,1.1356411739829397
Harbor Island-01,"Nisqually, Washington",6.8,0.18,3.2918400000000005,1,measured,0.8420047572194487,4.53,65.0232792194107,2.0750977005985543,66.00275131370488,432,0.2639633753504243,0.8420047572194487,0.23425232010742741
Harbor Island-02,"Nisqually, Washington",6.8,0.184,2.4384,1,measured,0.68364402910639,8.19,76.15807808070127,1.8025666998151082,88.19691406456342,1357,6.156116471311815,0.68364402910639,1.9679674415497679
SODO-02,"Nisqually, Washington",6.8,0.199,2.1336,1,measured,0.7007864901218092,8.29,88.59294793419743,2.5948962996333935,93.36964968546087,1082,2.837837919313934,0.7007864901218092,1.344909166186723
SODO-03,"Nisqually, Washington",6.8,0.198,2.7432000000000003,1,measured,0.677031217865794,6.0,69.96962909049137,2.5974954835111084,77.20277323378174,622,2.2676039035031184,0.677031217865794,1.1840569650934811
SODO-04,"Nisqually, Washington",6.8,0.197,0.9906,1,measured,0.5510797554448463,4.56,69.55936785951528,2.5423293005277565,45.52900488926387,878,12.70992798965636,0.5510797554448463,2.618120241164832
Boeing Field-01,"Nisqually, Washington",6.8,0.201,2.1336,1,measured,0.5937385112699028,10.75,75.1978311703769,2.589891849194113,107.77544396135009,856,5.108654726351011,0.5937385112699028,1.8097065732213062
Duwamish-01,"Nisqually, Washington",6.8,0.192,2.286,0,measured,0.7161996063109958,12.1,87.72575232242498,2.5754556499472665,127.63589687172856,1291,1.1586965676445666,0.7161996063109958,0.7695045986470384
Discovery Park-01,"Nisqually, Washington",6.8,0.084,3.9624,0,measured,1.5837203820017256,6.31,53.72442425236278,1.7702262980293242,98.92530913337997,254,0.0,1.5837203820017256,0.0
Elliott Ave-01,"Nisqually, Washington",6.8,0.142,1.8288000000000002,0,measured,0.870125999507806,3.09,51.308493227628006,1.8447054634372646,39.34775444148253,1183,0.17783555539938226,0.870125999507806,0.16367847904974636
Smith Cove-01,"Nisqually, Washington",6.8,0.127,2.7432000000000003,0,measured,0.8855039670006492,9.22,63.029102510765064,2.5871268912732304,94.17235473870717,814,0.17340712714558965,0.8855039670006492,0.15991159141787611
Smith Cove-02,"Nisqually, Washington",6.8,0.128,3.6576000000000004,0,measured,1.272955114074379,8.59,91.37219384208849,1.8465562757320795,112.59002594491596,526,0.0,1.272955114074379,0.0
Emerald Downs-01,"Nisqually, Washington",6.8,0.158,1.0,0,measured,0.7110269306353721,4.39,72.27091749506776,2.4421350189128574,44.41160882527703,620,0.6737077406809796,0.7110269306353721,0.515041369418306
Bush School-01,"Nisqually, Washington",6.8,0.119,3.048,0,measured,1.475130629083211,5.88,93.90258123811168,2.5858518996478286,85.99203368547086,618,0.0,1.475130629083211,0.0
Factoria-01,"Nisqually, Washington",6.8,0.102,1.524,0,measured,1.653853267881225,2.27,79.14069982663614,2.5997379930957143,32.09521769890837,463,0.0,1.653853267881225,0.0
UW-01,"Nisqually, Washington",6.8,0.129,0.762,0,measured,0.7426974107879426,5.81,61.38458829187405,2.585935924217029,56.15162248427174,912,1.264375405911355,0.7426974107879426,0.8172989619269644
UW-02,"Nisqually, Washington",6.8,0.129,0.762,0,measured,0.821397975430064,7.66,71.11389729086272,2.1655315202183285,78.34774182805914,1165,0.4342085746097934,0.821397975430064,0.3606131811193573
UW-03,"Nisqually, Washington",6.8,0.127,2.4384,0,measured,0.9815401365835867,8.92,72.57787962023014,2.5604835194222977,104.66913448321978,559,0.0013691859664058603,0.9815401365835867,0.0013682494860136377
UW-04,"Nisqually, Washington",6.8,0.126,2.4384,0,measured,1.0770969676220807,7.41,82.86974670335889,2.5818225790247906,81.81006908024659,690,0.0,1.0770969676220807,0.0
Issaquah-01,"Nisqually, Washington",6.8,0.125,2.4384,0,measured,0.8456598950767934,13.03,62.38913581346722,1.7915531152674937,114.08955192921623,997,0.2287682556940426,0.8456598950767934,0.20601224949525584
Blair Waterway-01,"Nisqually, Washington",6.8,0.104,3.048,0,measured,1.2667141809961413,15.53,80.0265865566893,2.598772838592622,145.26522655423656,775,0.0,1.2667141809961413,0.0
Green River-01,"Nisqually, Washington",6.8,0.166,5.1816,0,measured,1.0244675869207676,11.32,91.4930068174486,2.576413758378819,141.17399866184968,631,0.0,1.0244675869207676,0.0
Site I (CPT-2),Achaia-Ilia,6.4,0.18,0.4,1,measured,0.42302185746024423,3.23,41.22892178022505,1.7997534746719892,26.265730682281045,701,15.20796097423435,0.42302185746024423,2.7855025396945905
Site II (CPT-5),Achaia-Ilia,6.4,0.18,0.4,0,measured,0.5566466866583759,7.970000000000001,73.79781234953867,2.552729559337199,63.74595504672921,564,3.893094461662843,0.5566466866583759,1.5878249175902568
Site2_CPT_01,Maule 2010,8.8,0.35,1.3,0,measured,0.22346869042266276,9.23,74.98063120539356,2.559204760326264,67.55204243574661,218,10.384089060851649,0.22346869042266276,2.432216684092477
Site21_CPT_01,Maule 2010,8.8,0.37,6.5,1,measured,0.2382908781620111,15.23999999999982,89.34514093805457,2.5138836573381953,75.96404309287958,807,5.479913054301651,0.2382908781620111,1.8687070927281257
Site21_CPT_02,Maule 2010,8.8,0.37,3.0,1,measured,0.2836025040614554,10.839999999999813,90.83108903307362,2.514522273338305,107.14916611141744,860,14.205203428298493,0.2836025040614554,2.72163770007952
Site23_CPT_02,Maule 2010,8.8,0.37,3.5,1,measured,0.21787108145174,16.84,53.79827391616509,1.7724961678273579,179.9679143171941,680,23.73275629362329,0.21787108145174,3.2081285307865683
Site23_CPT_03,Maule 2010,8.8,0.37,3.5,1,measured,0.21449631129354957,15.92,58.10175219297742,1.8197149077375039,147.99651852004516,740,42.186156449118215,0.21449631129354957,3.7655199913274613
Site23_CPT_04,Maule 2010,8.8,0.37,3.5,1,measured,0.24633741112965085,17.18,78.23342229740959,2.515755759201875,168.96790696291959,654,12.740957019554491,0.24633741112965085,2.6203809364468116
Site52_CPT_01,Maule 2010,8.8,0.24,2.4,0,measured,0.3000246643256165,19.25,69.09788234292202,2.5480844483392886,135.8304366583071,81,7.9556598448907785,0.3000246643256165,2.1922857173196872
Site76_CPT_01,Maule 2010,8.8,0.38,1.4,1,measured,0.15801951301770495,3.819999999999961,94.9482296207834,2.113897715271521,10.01766596585988,502,41.133239577125366,0.15801951301770495,3.7408369678157167
Site133_CPT_01,Maule 2010,8.8,0.24,2.4,1,measured,0.3000246643256165,19.25,69.09788234292202,2.5480844483392886,135.8304366583071,81,7.9556598448907785,0.3000246643256165,2.1922857173196872
Site177_CPT_01,Maule 2010,8.8,0.23,2.4,1,measured,0.3130692149484694,19.25,69.09788234292202,2.5480844483392886,135.8304366583071,81,7.764384185972986,0.3130692149484694,2.1706962576018287
Site193_CPT_01,Maule 2010,8.8,0.36,4.0,0,measured,0.2618801227482272,20.0,77.86184297162359,2.5309927833503627,217.58754657083253,527,10.669457343122225,0.2618801227482272,2.4569749450563925
Site193_CPT_02,Maule 2010,8.8,0.36,4.0,0,measured,0.2843312151557808,15.82,83.2019247353887,2.525315399413646,187.54289357868618,696,13.774995026887403,0.2843312151557808,2.6929362267024204
Site201_CPT_01,Maule 2010,8.8,0.26,0.8,0,measured,0.30337437444433635,2.68,48.96872440167802,1.6864431503325477,20.93372047614299,423,19.605311128085024,0.30337437444433635,3.0255488643169195
Mataquito Bridge_CPT_01,Maule 2010,8.8,0.44,2.5,1,measured,0.2639720208167953,7.5,91.5060484376274,1.6719292005033726,83.95938413474681,109,19.40158785278277,0.2639720208167953,3.0156127337418366
Mataquito Bridge_CPT_02,Maule 2010,8.8,0.44,2.5,1,measured,0.3286797367904173,2.6,53.60874941907282,1.7918789783102944,44.382446118185804,126,18.407231654150124,0.3286797367904173,2.9656457622872594
Mataquito Bridge_CPT_03,Maule 2010,8.8,0.44,2.5,1,measured,0.2654135337745018,4.55,64.38239852076633,1.7944693954832165,58.43654377209445,140,19.821037272922265,0.2654135337745018,3.0359638829314983
Mataquito Bridge_CPT_04,Maule 2010,8.8,0.44,3.4,0,measured,0.25739207609189396,7.0,73.59230709418568,2.4932864884683994,79.25811824712325,104,14.094311198802298,0.25739207609189396,2.7143179310346848
Mataquito Bridge_CPT_05,Maule 2010,8.8,0.44,5.2,0,measured,0.26814458611977554,7.05,52.93776045513351,1.7712716484637658,97.26187314336845,45,9.741073517022938,0.26814458611977554,2.374075039115616
Mataquito Bridge_CPT_07,Maule 2010,8.8,0.44,2.5,1,measured,0.24782975341704708,7.55,80.11564763221801,2.546950686410543,89.63612802590217,81,17.335302272687244,0.24782975341704708,2.908828287489781
Mataquito Bridge_CPT_08,Maule 2010,8.8,0.44,2.5,1,measured,0.3393475119595826,5.55,107.8593374973188,2.2840934015953804,72.61934090957025,80,14.423869349140988,0.3393475119595826,2.735916267211268
San Felipito Bridges (CPT-1),Baja,7.2,0.265,2.0,1,measured,0.45873230835119044,6.11,75.63669682625665,2.589738380847778,68.12483471812332,1295,10.938003885767873,0.45873230835119044,2.4797269152421224
3Cgd,Baja,7.2,0.094,1.2,0,measured,0.9300384029544942,11.58,56.71138846519824,1.7467602465458227,97.67292851448728,498,0.00889534559867279,0.9300384029544942,0.008856015078976796
HEB001C,Baja,7.2,0.23,1.8,0,measured,0.46352196323359734,6.880000000000001,62.225436629431876,1.7069320460935442,78.98090260202994,333,1.8247530745819809,0.46352196323359734,1.0384209535505526
TOH1,Tohoku,9.0,0.17,1.1,0,measured,0.4959445019505731,13.57,81.02136184017944,2.5905475569667535,132.82829753057527,1417,6.853864496337694,0.4959445019505731,2.0610057031852005
TOH2,Tohoku,9.0,0.18,2.5,0,measured,0.39608363487631215,19.91,66.73089715726199,2.4794733273041034,155.0949753765069,569,6.966301817562133,0.39608363487631215,2.0752203722619145
TOH3,Tohoku,9.0,0.21,1.1,1,measured,0.33962731294727805,19.45,74.51916979613736,2.5575925549066603,149.4266856626987,869,25.60272624842358,0.33962731294727805,3.281013701078096
TOH4,Tohoku,9.0,0.22,1.3,1,measured,0.3139892580982736,18.65,72.9260466447686,2.5588337757327126,134.39465716611377,671,19.683782192316773,0.3139892580982736,3.0293499242289075
TOH5,Tohoku,9.0,0.169,1.2,0,measured,0.43786110055874267,19.25,80.19498265936761,2.361579680746711,147.60465609606203,868,16.684508224127885,0.43786110055874267,2.8726890147575417
TOH6,Tohoku,9.0,0.199,1.2,1,measured,0.37743444202328424,18.4,78.69328442818261,2.492676929627081,148.3338767826726,904,20.23540448035603,0.37743444202328424,3.0556698113990395
TOH7,Tohoku,9.0,0.256,1.6,1,measured,0.31783082639007354,15.879999999999999,81.35481664086015,2.5871741623843625,140.69096300623707,1234,36.503640267239234,0.31783082639007354,3.6244380020580556
184050U015,Emilia,6.1,0.22,4.2,0,measured,0.7429533475609108,12.74,82.49826431794044,2.5599052950175034,136.7962265338919,309,1.03920813654068,0.7429533475609108,0.7125615641368731
184050U016,Emilia,6.1,0.22,4.2,0,measured,0.6841309322373242,14.57,71.26077046506104,1.8423972900275043,153.92911493120343,342,1.9053243911345439,0.6841309322373242,1.0665450505531286
184050U017,Emilia,6.1,0.22,2.65,0,measured,0.5726423391990606,10.98,64.97944867787892,2.4421599031595127,113.3439386713256,34,0.1494685864619684,0.5726423391990606,0.13929973684591515
184050U018,Emilia,6.1,0.22,3.45,0,measured,0.6003389211827024,16.720000000000002,56.78168209269308,1.7424462900394002,164.78366884452123,346,1.8426698604049974,0.6003389211827024,1.044743702255568
184060U001,Emilia,6.1,0.31,3.8,0,measured,0.5446157738097528,7.44,82.03365597842563,2.593655396340013,96.33932869145607,840,8.538768804242101,0.5446157738097528,2.2553644209726236
184090U047,Emilia,6.1,0.27,4.2,0,measured,0.5216071628781046,9.25,63.907432466867974,2.4895714181882744,109.6039715601,590,4.769105180436868,0.5216071628781046,1.7525169871135553
184090U048,Emilia,6.1,0.27,3.7,0,measured,0.5477049980112145,9.04,73.81274860803047,2.561551390744574,103.57058621451607,633,4.858158782874385,0.5477049980112145,1.7678353533428062
184090U049,Emilia,6.1,0.27,3.25,0,measured,0.53356199893956,10.42,76.54682058588236,2.591689731406299,109.37316106813385,463,2.97721729423903,0.53356199893956,1.3805824024596534
184090U050,Emilia,6.1,0.27,3.2,0,measured,0.5236178268967567,8.64,72.5805467158398,2.5868314883295587,97.37316235038725,408,2.604312208917287,0.5236178268967567,1.2821309644394825
184090U051,Emilia,6.1,0.25,2.5,0,measured,0.5628172098926304,14.31,77.54331637772245,1.888548456289356,130.0902251772523,260,3.821430428622274,0.5628172098926304,1.5730706534588823
184090U052,Emilia,6.1,0.25,2.5,0,measured,0.583021221582146,7.43,81.78057836283352,2.5278708182583887,79.00576411403796,293,3.400998711240291,0.583021221582146,1.4818314949955307
184090U053,Emilia,6.1,0.19,4.9,0,measured,1.0540279805225001,7.13,87.7380505564824,2.5507144102041015,111.62513018266257,770,0.0,1.0540279805225001,0.0
184090U054,Emilia,6.1,0.19,4.9,0,measured,1.0908513467172183,7.49,92.75550727351595,2.5999149730784548,109.35961948758201,655,0.0,1.0908513467172183,0.0
184090U055,Emilia,6.1,0.23,3.4,0,measured,0.6795918365046184,15.3,77.58185328818804,2.5841172810168986,161.32028910317675,237,0.9545595174401671,0.6795918365046184,0.6701648572787507
185130B501,Emilia,6.1,0.59,3.0,1,measured,0.22188218995429787,7.87,64.96955125965384,1.788042417871887,88.05145694102248,386,17.11637955496893,0.22188218995429787,2.8968164768417313
185130B502,Emilia,6.1,0.6,3.0,1,measured,0.19976397182164504,8.84,60.24547438740545,1.8958330067964193,86.11254652200836,582,26.641010901199124,0.19976397182164504,3.319300572080124
185130B503,Emilia,6.1,0.59,3.0,1,measured,0.19172625677282643,11.27,53.30033583568977,1.7902016825514755,106.46631611334716,605,25.7737099401466,0.19172625677282643,3.2874204336659165
185130B504,Emilia,6.1,0.59,3.0,1,measured,0.191170611987119,10.98,51.015250510067624,1.8043333819719618,109.48915584934969,603,22.23263061775979,0.191170611987119,3.145557782633479
185130U006,Emilia,6.1,0.73,3.0,0,measured,0.19580409681417427,13.030000000000001,77.44377696404888,2.5827432058453397,124.33264882051233,91,2.508292292791677,0.19580409681417427,1.255129392815289
185130U022,Emilia,6.1,0.58,1.8,0,measured,0.21936730830921475,10.01,80.49151889204526,2.5531722680893085,84.67818400341955,235,10.255042962057788,0.21936730830921475,2.420816291504479
185130U505,Emilia,6.1,0.6,5.0,1,measured,0.25631934984338706,11.12,70.97155477985181,1.8492920650921325,125.55158588164382,350,11.941420536413228,0.25631934984338706,2.560433061750236
185130U506,Emilia,6.1,0.6,4.84,1,measured,0.23642435197260947,9.870000000000001,60.112053233442495,1.8439445574459299,119.74874658910926,441,16.662565012345144,0.23642435197260947,2.8714474288160523
185130U507,Emilia,6.1,0.6,5.16,1,measured,0.2530843618648,9.32,64.73289055709022,2.429039213709034,115.5709861129558,401,14.077291673873056,0.2530843618648,2.713189749227025
185130U508,Emilia,6.1,0.59,4.22,1,measured,0.22801539766167075,9.950000000000001,58.66397810833749,1.7246206528133303,118.01383525344573,294,10.664640035587313,0.22801539766167075,2.4565620464963867
185130U509,Emilia,6.1,0.59,2.37,0,measured,0.20409858309515044,8.46,66.09955990736836,1.8339686697789315,81.58563705369372,735,36.974726273691665,0.20409858309515044,3.636920840389806
185130U510,Emilia,6.1,0.59,5.23,0,measured,0.25434091706552886,12.08,64.98136180149011,1.9773735135101203,144.14835225221788,251,8.119014194287681,0.25434091706552886,2.210361705512186
185130U511,Emilia,6.1,0.59,4.65,0,measured,0.25436761942098923,9.63,69.85466086962627,2.5941573881766296,108.03673248572207,234,8.005347980718867,0.25436761942098923,2.19781862093725
185130U512,Emilia,6.1,0.58,4.4,1,measured,0.2506590571844636,10.84,69.24752749371049,1.8191798844370526,118.04075297066686,384,13.465614494839766,0.2506590571844636,2.671774419021794
185130U513,Emilia,6.1,0.58,4.18,1,measured,0.2343503540024756,11.459999999999999,63.80704995074449,1.8070580660901403,119.87528541490363,513,19.955300767618844,0.2343503540024756,3.0423916342980752
185130U514,Emilia,6.1,0.58,4.55,1,measured,0.2445061628529085,12.0,65.18985771302737,1.9179315844032345,129.59709297295865,532,19.482406109075132,0.2445061628529085,3.0195662790650757
185140B001,Emilia,6.1,0.54,2.0,0,measured,0.29846582632401786,16.07,91.46331049670549,2.531313411348978,139.87602749140285,98,2.7308108805994564,0.29846582632401786,1.3166256042916045
185140U002,Emilia,6.1,0.53,2.3,0,measured,0.22004033007707896,15.16,56.66119710806412,1.801885082321207,131.51762817164663,499,8.746078673182666,0.22004033007707896,2.276865016744845
185140U003,Emilia,6.1,0.54,3.6,0,measured,0.3022962815634311,16.0,83.9925945420419,2.0974154775902685,151.68998201602597,61,0.9890929969657036,0.3022962815634311,0.6876787544176899
185140U004,Emilia,6.1,0.54,3.3,0,measured,0.2792487956736254,15.69,77.40357604946078,2.5390103787785265,148.05409165551265,68,1.1414452992370498,0.2792487956736254,0.7614809745469854
185140U005,Emilia,6.1,0.56,4.9,0,measured,0.2852277273156621,10.51,74.50744383832763,2.5683701103006658,124.45825341807299,12,0.5043305540706764,0.2852277273156621,0.40834798467051187
203010U001,Emilia,6.1,0.65,4.0,1,measured,0.23216439207330114,10.9,73.92461067513022,2.139124434320296,126.64482494787696,422,16.145640961208176,0.23216439207330114,2.841743969946811
203010U002,Emilia,6.1,0.65,4.9,1,measured,0.2561001753103367,9.26,75.62954020834962,2.3818539279706203,122.87203166796337,410,15.571031998651026,0.2561001753103367,2.807656110648811
203010U005,Emilia,6.1,0.66,2.4,1,measured,0.19605142298748013,6.53,70.90577483910964,2.490722302888813,64.48816095243433,171,10.067448761437138,0.19605142298748013,2.4040082559714397
203010U006,Emilia,6.1,0.65,2.4,1,measured,0.19904936218968777,6.33,69.87871987037028,2.5745830330083934,63.5156993450911,121,7.101448476069794,0.19904936218968777,2.0920428698973983
203010U509,Emilia,6.1,0.72,1.9,0,measured,0.17565953891955335,10.5,75.9097962604194,2.529448793871988,94.93910180271216,125,7.412487275174482,0.17565953891955335,2.129717182360428
203020U095,Emilia,6.1,0.48,4.5,1,measured,0.29082158772226213,9.69,61.45035083070973,1.8021844706463017,113.20767907769424,551,13.38133934501786,0.29082158772226213,2.6659314873866986
203020U096,Emilia,6.1,0.48,1.6,1,measured,0.2248419657076184,10.540000000000001,61.8578313432956,1.8005606348726564,90.99289490770074,550,14.229592386959448,0.2248419657076184,2.723240402724845
203020U097,Emilia,6.1,0.5,2.05,0,measured,0.2502037991908623,9.0,73.20472379428739,2.5543583172042745,85.49560244266557,626,11.14118646496908,0.2502037991908623,2.4966035127314457
203020U098,Emilia,6.1,0.5,1.9,0,measured,0.25793223783030844,17.1,67.80281111560227,1.8292948826539015,140.88260898111344,199,2.6127469446280154,0.25793223783030844,1.2844684094767604
203020U099,Emilia,6.1,0.51,1.8,0,measured,0.22312155644704473,15.96,57.16940474909041,1.7646691379702655,129.60610865997972,325,8.689686288901827,0.22312155644704473,2.2710620506522683
CPTU1emilia,Emilia,6.1,0.6,3.0,1,measured,0.21999843207729464,11.11,71.12871223787721,1.8177496744567978,106.2329535508402,543,22.712057173186228,0.21999843207729464,3.165983660260661
Site191_CPT_01,Illapel 2015,8.3,0.15,1.0,0,measured,0.6645075385155134,4.46,70.78977447833338,1.8008029456020058,46.259840438553326,543,0.3700864588942992,0.6645075385155134,0.3148738465307347
Site191_CPT_02,Illapel 2015,8.3,0.15,1.0,0,measured,0.734142131054916,2.14,63.82397915403605,2.5797935857405925,21.242072423842917,483,1.287156305203962,0.734142131054916,0.8273092577878498
Site191_CPT_03,Illapel 2015,8.3,0.15,1.0,0,measured,0.7430775888460801,3.6,80.92158412963899,1.9284119870656926,36.51280155085222,414,1.0699535595146819,0.7430775888460801,0.7275261720085471
Site195_CPT_01,Illapel 2015,8.3,0.15,0.5,0,measured,0.7307319401343998,10.06,103.48588351768757,1.7976378245282711,97.59940378668861,949,0.49804140022809373,0.7307319401343998,0.40415852171453054
Site195_CPT_02,Illapel 2015,8.3,0.15,0.5,0,measured,0.5850494756848562,15.92,76.14047869226877,1.8806802041190345,147.41443759649454,923,0.5424867290148032,0.5850494756848562,0.43339587320435174
Site195_CPT_03,Illapel 2015,8.3,0.15,0.5,0,measured,0.6070756684246993,6.26,77.6300036709239,1.8438948088221714,57.682784908096366,949,0.5234840347405503,0.6070756684246993,0.4209998400585903
Mataquito Bridge_CPT_01,Maule 2019,6.6,0.14,2.5,0,measured,0.9921329209846378,4.75,68.3104430728144,2.189229999272209,60.49451812706745,109,0.002999323874606832,0.9921329209846378,0.002994834876487355
Mataquito Bridge_CPT_02,Maule 2019,6.6,0.14,2.5,0,measured,1.153178964976076,2.6,53.60874941907282,1.7918789783102944,44.382446118185804,126,0.0,1.153178964976076,0.0
Mataquito Bridge_CPT_03,Maule 2019,6.6,0.14,2.5,0,measured,0.9731943248308095,4.55,64.38239852076633,1.7944693954832165,58.43654377209445,140,0.010353692034099802,0.9731943248308095,0.01030045968368683
Mataquito Bridge_CPT_04,Maule 2019,6.6,0.14,3.4,0,measured,0.9717055296340184,5.05,55.72236309896725,1.8181079316155249,63.194465030742464,104,0.010575058299285605,0.9717055296340184,0.010519533479370747
Mataquito Bridge_CPT_05,Maule 2019,6.6,0.14,5.2,0,measured,1.01532485536033,7.05,52.93776045513351,1.7712716484637658,97.26187314336845,45,0.0,1.01532485536033,0.0
Mataquito Bridge_CPT_07,Maule 2019,6.6,0.14,2.5,0,measured,0.9909705882187304,7.55,80.11564763221801,2.546950686410543,89.63612802590217,81,0.004837022420038197,0.9909705882187304,0.004825361614359903
Mataquito Bridge_CPT_08,Maule 2019,6.6,0.14,2.5,0,measured,1.268289403029058,3.4,79.7327268428846,2.3630249726913783,52.710860931036486,80,0.0,1.268289403029058,0.0
