event,Mw,PGA,GWT,y,crit_FS,crit_depth,qc1Ncs_crit,Ic_crit,sev_crit,n_liq_layers,LPI,crit_FS_capped
Superstition Hills,6.54,0.206,1.2,1,0.4643633382786756,2.77,40.38754922171672,1.8019181964306714,25.572759815503492,558,10.496600664954071,0.4643633382786756
Elmore Ranch,6.22,0.133,1.2,0,0.7323491196395827,2.77,40.38754922171672,1.8019181964306714,25.572759815503492,558,2.111561126342986,0.7323491196395827
Westmorland,5.9,0.26,1.2,1,0.3818071934393244,2.77,40.38754922171672,1.8019181964306714,25.572759815503492,558,13.328808609301001,0.3818071934393244
Baja,7.2,0.094,1.2,0,0.9724846674563197,11.41,63.20175900320536,2.5759079139242713,95.34417553932165,558,0.020623289448325244,0.9724846674563197
Haicheng,7.0,0.3,1.0,0,0.2918992095583225,9.83,68.63309366796655,2.599819478508609,67.42630822302438,637,21.04887182274259,0.2918992095583225
Emilia,6.1,0.22,4.2,0,0.6817267161943472,12.719999999999999,73.06541050889972,1.803065296661455,136.63258190118495,321,1.059263151544031,0.6817267161943472
Emilia,6.1,0.22,4.2,0,0.6985281726933612,11.58,75.57220677487629,1.932426170808436,129.60022815499934,320,1.6387601882154723,0.6985281726933612
Emilia,6.1,0.22,2.65,0,0.6361580503358011,11.17,76.84561757084636,2.5989038582072097,114.81184015847833,55,0.029242196644053576,0.6361580503358011
Emilia,6.1,0.22,3.45,0,0.6099915179199682,16.8,58.458567931270075,1.7900930208745776,165.91895961370386,434,2.8615057849476018,0.6099915179199682
Emilia,6.1,0.31,3.8,0,0.5547284612307063,7.32,83.58200160358628,2.5975201176640135,94.96700495768789,930,7.081289558738785,0.5547284612307063
Emilia,6.1,0.27,4.2,0,0.5178875266065182,9.25,63.06908928508539,2.5662038598467767,109.5876740234072,656,5.323618601786626,0.5178875266065182
Emilia,6.1,0.27,3.7,0,0.5555999724796598,9.510000000000002,75.95401182771747,1.8389069620080185,107.69066159640869,682,5.41307425861284,0.5555999724796598
Emilia,6.1,0.27,3.25,0,0.5250044883868066,7.99,70.8932232935177,2.516150283214202,93.22464594809423,564,3.66332317376624,0.5250044883868066
Emilia,6.1,0.27,3.2,0,0.5210199616161049,8.850000000000001,72.35785365651941,2.5466385682094472,99.00671312549092,495,2.838701441390959,0.5210199616161049
Emilia,6.1,0.25,2.5,0,0.5305576768518007,7.97,73.46739887619378,2.585584867290213,81.68578732408434,321,5.657586636360122,0.5305576768518007
Emilia,6.1,0.25,2.5,0,0.5407657629546666,7.57,74.5041433826579,1.7971422447839835,79.26274126518928,381,4.271102727941366,0.5407657629546666
Emilia,6.1,0.19,4.9,0,1.2192230173653027,7.0600000000000005,100.67892736663063,2.2044851902404066,110.77540438800828,777,0.0,1.2192230173653027
Emilia,6.1,0.19,4.9,0,1.098614466569729,12.81,99.54812818628234,1.81916033713192,159.25050083142418,664,0.0,1.098614466569729
Emilia,6.1,0.23,3.4,0,0.6913010668733993,15.24,79.67099427661583,1.9367760887706476,160.35062354127365,318,1.3373958942282074,0.6913010668733993
Emilia,6.1,0.59,3.0,1,0.21521345127590957,11.5,64.87746202467297,1.8895937442617874,113.70334261732292,567,22.34320718727701,0.21521345127590957
Emilia,6.1,0.6,3.0,1,0.19563783362717202,9.85,59.0970060953417,1.7886519862121728,92.72328867535126,669,30.37716151304492,0.19563783362717202
Emilia,6.1,0.59,3.0,1,0.2045027564360614,10.39,60.81277399074004,1.8021648110572943,100.77885077509416,663,26.819429016834096,0.2045027564360614
Emilia,6.1,0.59,3.0,1,0.1910838298616731,11.19,50.97274613759335,1.8088348346912912,110.84584586509324,718,24.168690417716352,0.1910838298616731
Emilia,6.1,0.73,3.0,0,0.1895409774085704,12.63,73.98532568952474,2.5595615786195594,122.0942656502892,234,7.662772174014943,0.1895409774085704
Emilia,6.1,0.58,1.8,0,0.25641507658816304,19.41,78.42091408342151,2.3449697613877576,159.55293115818387,298,9.924963947814678,0.25641507658816304
Emilia,6.1,0.6,5.0,1,0.2341697776550391,9.950000000000001,58.606189840117786,1.8066680679288396,117.46982168481108,520,17.657672573230652,0.2341697776550391
Emilia,6.1,0.6,4.84,1,0.2306976582232,8.28,52.78289950288764,1.7875604301204175,109.00496485060793,574,21.755285976255692,0.2306976582232
Emilia,6.1,0.6,5.16,1,0.2300187754878112,8.55,50.72568158469691,1.8074691967061878,111.06833849366276,515,18.391555336768988,0.2300187754878112
Emilia,6.1,0.59,4.22,1,0.2317542713016737,9.98,60.61557874325087,1.8379135097421389,118.38920742688973,417,15.222434744543794,0.2317542713016737
Emilia,6.1,0.59,2.37,0,0.20597509915735407,7.99,66.4770428136225,1.80720177913326,78.14008667140666,762,35.027531247248234,0.20597509915735407
Emilia,6.1,0.59,5.23,0,0.245877572338048,11.72,60.632989649958034,1.8718238893819734,142.08512145042448,357,12.259884962411054,0.245877572338048
Emilia,6.1,0.59,4.65,0,0.2342462397817829,9.56,59.90429699047053,1.7721185535441268,108.26919772169455,376,13.766875003339324,0.2342462397817829
Emilia,6.1,0.58,4.4,1,0.2382522699806155,11.33,63.49825474029149,1.774555222237898,122.07042537291032,499,17.28065094508576,0.2382522699806155
Emilia,6.1,0.58,4.18,1,0.24846806531429172,9.84,68.98965249554819,1.7210858569536631,109.05867713979514,643,24.70032126125787,0.24846806531429172
Emilia,6.1,0.58,4.55,1,0.22259033883673968,11.459999999999999,53.69256924627233,1.8155688824304665,125.76832586493789,692,24.971145915836498,0.22259033883673968
Emilia,6.1,0.54,2.0,0,0.24822745935998455,12.459999999999999,78.62527800610422,2.4852950643602627,112.27934897204771,203,6.628213712231107,0.24822745935998455
Emilia,6.1,0.53,2.3,0,0.2354982391865086,14.790000000000001,65.10732986696013,1.8322874136328875,130.08139351461978,567,10.461261996082197,0.2354982391865086
Emilia,6.1,0.54,3.6,0,0.29369169472561923,18.25,76.46454580622006,2.474348139288201,171.2756564089743,163,3.205022288582632,0.29369169472561923
Emilia,6.1,0.54,3.3,0,0.26250447715020503,14.19,72.59072978255067,2.532496178627682,136.90785157179837,182,4.65430311814482,0.26250447715020503
Emilia,6.1,0.56,4.9,0,0.2684275234079521,10.52,67.41674149584576,1.9258141595131204,125.2826694362344,172,6.400032736870253,0.2684275234079521
Emilia,6.1,0.65,4.0,1,0.21526354809461135,10.77,65.09799132639313,1.8656636030882086,125.77926008589634,558,21.6300023066516,0.21526354809461135
Emilia,6.1,0.65,4.9,1,0.22611693795451665,10.33,63.29385816957157,1.8024207462558264,129.96472462949117,498,19.638489707232203,0.22611693795451665
Emilia,6.1,0.66,2.4,1,0.18951618137597165,6.18,65.42883349800437,1.9104270905748417,62.5531552988475,198,11.770659579152602,0.18951618137597165
Emilia,6.1,0.65,2.4,1,0.20566299199357818,6.15,72.54270960304846,1.9708455964695992,62.47652801914151,317,13.022477227661826,0.20566299199357818
Emilia,6.1,0.72,1.9,0,0.15452696781229533,10.52,60.868797342663854,1.850550238239819,96.11903287094086,382,20.33567269010189,0.15452696781229533
Emilia,6.1,0.48,4.5,1,0.28047175300568705,12.950000000000001,58.769418228988606,1.7902259233297608,137.73478788972596,563,12.93962144689953,0.28047175300568705
Emilia,6.1,0.48,1.6,1,0.22644585344330448,12.97,59.35882457675058,1.8286891373415475,107.95109567152332,671,18.98301679486391,0.22644585344330448
Emilia,6.1,0.5,2.05,0,0.24311966076528024,8.44,69.61136066485028,2.599380130978396,81.46912169370523,785,14.442855031551865,0.24311966076528024
Emilia,6.1,0.5,1.9,0,0.2534948988695597,12.83,74.12411041710648,2.559105522664963,110.77910692604026,303,6.157098263146846,0.2534948988695597
Emilia,6.1,0.51,1.8,0,0.2158044162961555,8.620000000000001,63.122571284711206,1.820870579319274,77.57939106712995,431,12.689856366042683,0.2158044162961555
Loma Prieta,6.93,0.24,5.5,0,0.6390552769148637,10.61,75.39512200746232,2.594569906835212,160.1892501319265,572,0.9471937393391607,0.6390552769148637
Kocaeli,7.51,0.4,0.4,1,0.1876069419897257,3.15,53.72009581685586,1.864053941089869,22.815197831655983,659,27.815176826433465,0.1876069419897257
Loma Prieta,6.93,0.26,2.4,1,0.42617263132453237,14.290000000000001,71.70935311714392,2.4472956602419673,120.07084897181352,623,10.988161640460717,0.42617263132453237
Loma Prieta,6.93,0.26,2.4,1,0.43152230815375914,12.55,73.63413456241636,1.8060724589370654,108.94804243659416,630,7.377744402841187,0.43152230815375914
Kocaeli,7.51,0.4,0.8,1,0.21624244277122295,9.469999999999999,65.09142219045823,1.7816794144143262,79.26755618385832,667,23.336411540514796,0.21624244277122295
Nihonkai-Chubu,7.7,0.17,1.0,1,0.5350001960774926,5.24,60.32271632609014,1.8843897865640267,50.081688422538804,890,13.961259062216733,0.5350001960774926
Nihonkai-Chubu,7.7,0.17,2.4,0,0.96600033901487,3.75,88.23144115802506,1.8732377142131238,56.2478527870624,113,0.0013812362275208753,0.96600033901487
Edgecumbe,6.6,0.37,1.1,1,0.29476546995396885,6.65,71.24038818052014,2.4911598954229217,64.66407632682345,765,18.106889057476053,0.29476546995396885
Kocaeli,7.51,0.4,3.3,1,0.30246190749016416,14.439999999999998,81.53824508871293,2.551661243240677,150.69696839294124,907,3.7856031995486656,0.30246190749016416
Northridge,6.69,0.84,7.2,1,0.21089798403086688,10.21,78.0795372758455,2.575316120342501,146.97221796435423,172,3.261264131367503,0.21089798403086688
San Fernando,6.6,0.45,7.2,0,0.3988539429278146,10.21,78.0795372758455,2.575316120342501,146.97221796435423,172,1.4196204284246141,0.3988539429278146
Northridge,6.69,0.84,7.6,1,0.21662973131160268,8.8,72.38123120669059,2.5673270614701567,136.34410060649714,150,3.408623010193896,0.21662973131160268
San Fernando,6.6,0.45,7.6,0,0.4089481153353518,8.8,72.38123120669059,2.5673270614701567,136.34410060649714,150,2.414663237466317,0.4089481153353518
Edgecumbe,6.6,0.4,1.65,1,0.2806783003322222,6.99,72.73703390663331,2.587127915727494,63.13408386005855,962,36.18943132159215,0.2806783003322222
Edgecumbe,6.6,0.4,1.53,0,0.2823391574383746,7.49,69.44071513414795,1.7715204482494844,77.07207565736351,934,25.452802097453034,0.2823391574383746
Chi-Chi,7.62,0.38,1.0,1,0.23554057980452758,4.71,58.88041331880644,1.807999633495769,42.211601139000194,309,15.038965596559187,0.23554057980452758
Chi-Chi,7.62,0.38,5.0,1,0.351453717592356,7.7700000000000005,64.37630276449448,1.8690070763503581,104.46817367277178,960,13.495985565821208,0.351453717592356
Chi-Chi,7.62,0.38,1.5,1,0.27777664772333743,14.799999999999999,82.7012380284497,2.389582936114976,131.4027317032388,355,13.0252349253118,0.27777664772333743
Loma Prieta,6.93,0.28,2.8,1,0.43177026738212515,10.18,72.69763121501128,1.8750341159391726,107.58874179740742,890,9.195034735281716,0.43177026738212515
Chi-Chi,7.62,0.38,1.0,1,0.20583238724279346,3.0700000000000003,40.91665653377207,1.849627763025381,23.068995214717535,1389,41.11181956994901,0.20583238724279346
Chi-Chi,7.62,0.38,1.0,1,0.2448103014537483,10.03,74.9097456657775,2.5964836546705365,83.77487911339601,895,30.086192364369705,0.2448103014537483
Chi-Chi,7.62,0.38,2.0,0,0.25126032143316523,7.93,63.278816605322696,2.4500416067907613,72.42460376187994,455,18.051937669848805,0.25126032143316523
Chi-Chi,7.62,0.38,5.3,0,0.33739202693159726,16.330000000000002,80.6182582711257,2.324377355404236,176.91446500564925,268,1.597845541868622,0.33739202693159726
Loma Prieta,6.93,0.36,4.9,1,0.3382187579248177,12.18,58.54389356888547,1.7250857260534802,135.85639772686406,1193,17.767206339326357,0.3382187579248177
Loma Prieta,6.93,0.36,4.9,1,0.3208636828990063,11.84,50.6455248509856,1.8036814607508806,135.57772151360368,850,19.306684820585314,0.3208636828990063
Loma Prieta,6.93,0.36,4.9,1,0.35610458900303377,12.81,65.40059974293717,1.677038288910422,142.7804454427104,960,18.260648228955652,0.35610458900303377
Loma Prieta,6.93,0.36,3.0,0,0.3602021319899679,12.9,79.87681552139594,1.5906871968353578,134.0703977144638,574,11.928147954722668,0.3602021319899679
Loma Prieta,6.93,0.28,1.9,0,0.3762217291886844,11.88,62.43845957025159,1.8383164019084042,118.82502329173381,1053,7.421206989959911,0.3762217291886844
Borah Peak,6.88,0.5,0.8,1,0.1938236449797857,9.780000000000001,62.00543054881709,1.946456554493978,94.50272533245563,786,12.450738310242267,0.1938236449797857
Borah Peak,6.88,0.5,2.4,1,0.3590766834091845,3.42,84.95866619512014,2.2441364894304567,57.86791345955293,620,2.226547277953021,0.3590766834091845
Borah Peak,6.88,0.5,6.8,1,0.3984104231985074,12.75,100.71435978170021,2.4195261194896105,181.73183726855888,562,1.7025634940398646,0.3984104231985074
Loma Prieta,6.93,0.28,1.7,0,0.32163696825845955,13.629999999999999,51.9062023800104,1.8290092297358027,110.52682887440929,1151,10.411093794946694,0.32163696825845955
Emilia,6.1,0.6,3.0,1,0.2083816128651812,9.040000000000001,63.477191100332625,1.72753607160413,92.30373809435393,702,28.24366726175033,0.2083816128651812
Kocaeli,7.51,0.4,1.5,1,0.27206488748951696,9.76,84.67799947064321,2.5252044283090536,89.15299554099214,1069,14.889124175808218,0.27206488748951696
Victoria (Mexicali),6.33,0.19,2.3,0,0.6933464492489191,5.3,70.05042543358137,1.6886656253567944,56.32778124092602,104,1.5993418179520107,0.6933464492489191
Victoria (Mexicali),6.33,0.19,2.2,1,0.7133096397697242,4.33,66.74341559758811,2.532579607374118,49.464188021119575,326,2.54496067036559,0.7133096397697242
Victoria (Mexicali),6.33,0.19,2.0,1,0.5354295625156862,9.950000000000001,54.44693785009196,1.7654379335494748,89.7892081852095,604,7.225962410906549,0.5354295625156862
Victoria (Mexicali),6.33,0.19,2.2,1,0.5493102445949097,9.94,56.304114054356226,1.750186340177423,89.35304311332341,462,4.398746944540543,0.5493102445949097
Victoria (Mexicali),6.33,0.19,2.0,1,0.5317781623258154,9.440000000000001,53.36939463100218,1.7759235463162326,86.49454763879932,407,4.584479374487174,0.5317781623258154
Hyogoken-Nambu,6.9,0.37,2.0,1,0.302176353919273,11.610000000000001,76.61960859005062,2.4054818113166005,99.10699905763657,652,24.760976981571545,0.302176353919273
Kocaeli,7.51,0.4,1.7,1,0.26567061821640675,7.34,70.10934908420248,1.8021737684500605,79.04019090135795,1674,19.847008503520698,0.26567061821640675
Kocaeli,7.51,0.4,2.5,0,0.3292615864974059,9.2,92.45437680537412,1.8027767136900175,101.34535991743157,943,12.877119327643708,0.3292615864974059
Kocaeli,7.51,0.4,0.5,1,0.19886248457985448,2.45,52.76042502449691,1.9237563180121555,18.56479891306847,886,28.573054829128765,0.19886248457985448
Edgecumbe,6.6,0.39,3.5,1,0.3763411460647195,9.32,82.008017678469,2.22339125111846,107.71444135752213,600,9.039019378041719,0.3763411460647195
Kocaeli,7.51,0.4,0.5,1,0.1904356883343446,2.7600000000000002,48.08382002285484,1.8637775877322624,21.076039818728457,1074,31.85023139832278,0.1904356883343446
Loma Prieta,6.93,0.36,4.8,1,0.9159761382636395,17.889999999999997,141.49876255975659,1.372147706124692,239.09613187622074,210,0.009747594007340113,0.9159761382636395
Loma Prieta,6.93,0.36,4.8,1,0.42563441819437137,9.32,81.50867880822182,1.7987748595279522,115.13537150792521,604,13.814742895454156,0.42563441819437137
Loma Prieta,6.93,0.36,4.2,1,0.37507991271506885,13.83,76.66862495362352,2.5763381225681337,149.2918510367918,795,17.691774019401606,0.37507991271506885
Hyogoken-Nambu,6.9,0.65,3.1,0,0.22599858054731006,6.69,79.98546834736216,1.8894460851626684,90.70468287408522,1126,10.905177270273231,0.22599858054731006
Kocaeli,7.51,0.4,0.5,1,0.20416332443132892,2.17,47.21728361558916,1.792215281389071,18.38719588398009,989,33.97085173673094,0.20416332443132892
Edgecumbe,6.6,0.43,0.5,1,0.217476275444572,3.44,63.84419567791074,1.7492992483791814,28.42523526773728,689,26.270559305675675,0.217476275444572
Edgecumbe,6.6,0.43,0.9,0,0.3974345301251391,1.87,93.44413351697618,1.7162767605705018,23.750018739276726,522,2.832813416562402,0.3974345301251391
Loma Prieta,6.93,0.34,5.0,1,0.42710310219624487,7.55,64.52612992735001,1.8783703911888625,104.69155995555158,641,10.40811041358205,0.42710310219624487
Kocaeli,7.51,0.4,1.7,1,0.23530064375448104,10.06,64.45041086701966,2.428982282092971,92.06919211613965,395,13.380996074128426,0.23530064375448104
Hyogoken-Nambu,6.9,0.5,2.0,1,0.23230781614957702,10.330000000000002,76.0880387409574,2.3464790390021455,100.31609461349436,654,28.771016029584978,0.23230781614957702
Loma Prieta,6.93,0.24,3.0,1,0.46664686813272294,8.57,60.279511915043415,1.881008210106503,90.54400752059254,528,6.726602691220638,0.46664686813272294
Hyogoken-Nambu,6.9,0.7,2.5,0,0.21452303421064464,6.04,87.75900044368782,2.5809474951684073,74.81922370171992,1045,10.662028312431483,0.21452303421064464
Superstition Hills,6.6,0.16,1.8,0,0.848742025716936,6.82,83.42067667025508,2.4445845710555494,78.34723943401102,323,0.02361884479852043,0.848742025716936
Westmorland,5.9,0.17,1.8,0,0.8714236639605872,6.82,83.42067667025508,2.4445845710555494,78.34723943401102,323,0.01825320470450054,0.8714236639605872
Baja,7.2,0.23,1.8,0,0.5508000306164282,6.82,83.42067667025508,2.4445845710555494,78.34723943401102,323,1.5639222839173974,0.5508000306164282
Edgecumbe,6.6,0.26,4.4,0,1.0360429463388254,5.91,116.82842845886563,1.9016202348967994,93.5145283351429,189,0.0,1.0360429463388254
Hyogoken-Nambu,6.9,0.6,1.4,1,0.15834061318816928,7.9,60.0742423748633,1.8110169379206877,70.57795940658615,1041,23.80054960937308,0.15834061318816928
Kocaeli,7.51,0.4,0.6,1,0.21656993620791073,3.11,61.12389349722128,1.8525735115002886,24.67637653136984,933,28.638829579656445,0.21656993620791073
Loma Prieta,6.93,0.21,2.1,1,0.4839593519504012,19.48,51.52308108278535,1.8040171773305234,165.44452865956188,980,17.67562031393536,0.4839593519504012
Loma Prieta,6.93,0.21,3.0,1,0.6002165064893981,8.16,78.36698171934881,2.5776383955823006,76.61368040730677,275,2.019855009673112,0.6002165064893981
Edgecumbe,6.6,0.28,2.0,1,0.4350094430143383,5.61,69.38184911420265,1.9106885309654233,58.98685047039075,1311,22.25852151951957,0.4350094430143383
Chi-Chi,7.62,0.38,2.5,1,0.32282268676754716,9.09,87.32654446751434,2.369074150901054,95.49515851591933,647,19.391906751316306,0.32282268676754716
Chi-Chi,7.62,0.38,2.5,1,0.3794590208385437,6.93,96.3060702902003,1.7902193157002275,84.3302742782962,690,11.773762870369499,0.3794590208385437
Hyogoken-Nambu,6.9,0.5,3.0,0,0.37348343086390323,4.8500000000000005,95.01368300694074,2.412253952738441,78.18920556246607,193,0.995800148635582,0.37348343086390323
Edgecumbe,6.6,0.31,2.5,1,0.3591655917423665,10.950000000000001,59.330647023468494,1.8243992698341251,113.46766351496494,1229,21.56088808776518,0.3591655917423665
Loma Prieta,6.93,0.47,1.5,1,0.2103511524567284,11.06,63.11133062862382,2.587528513167203,99.18450154214332,250,11.415697226774881,0.2103511524567284
Hyogoken-Nambu,6.9,0.6,1.8,1,0.17770854470502317,14.1,66.26780369275319,2.5267387580375305,126.25139916094288,1772,51.55263534753286,0.17770854470502317
Hyogoken-Nambu,6.9,0.6,1.8,1,0.20702554697469167,8.53,85.5582818495539,1.8465669676631973,82.06362688958379,1665,45.322128731531954,0.20702554697469167
Hyogoken-Nambu,6.9,0.6,2.5,1,0.1692421750593474,10.280000000000001,60.10559366340646,1.77957400588616,91.18205521665364,857,28.00476339610251,0.1692421750593474
Superstition Hills,6.54,0.174,2.7,0,0.7012473738254635,12.879999999999999,66.28759488477338,2.0031313117723197,132.93917531266146,406,0.3032256898815439,0.7012473738254635
Westmorland,5.9,0.32,2.7,1,0.42398030678955856,12.879999999999999,66.28759488477338,2.0031313117723197,132.93917531266146,406,6.158611184627766,0.42398030678955856
Imperial Valley,6.53,0.13,2.7,0,0.9401166480532851,12.879999999999999,66.28759488477338,2.0031313117723197,132.93917531266146,406,0.04438359814195553,0.9401166480532851
Superstition Hills,6.54,0.174,2.7,0,0.7506185985055268,18.0,66.196161341492,2.5573606317117914,178.97199922464142,669,0.2706385865843681,0.7506185985055268
Westmorland,5.9,0.32,2.7,1,0.4690830743727938,18.0,66.196161341492,2.5573606317117914,178.97199922464142,669,7.0024944693905695,0.4690830743727938
Imperial Valley,6.53,0.13,2.7,0,1.006825355065611,18.0,66.196161341492,2.5573606317117914,178.97199922464142,669,0.0,1.006825355065611
Hyogoken-Nambu,6.9,0.45,2.6,1,0.2724719795116518,6.69,65.02770621626402,2.5400380016252253,83.58711489874305,1105,16.80142136338692,0.2724719795116518
Kocaeli,7.51,0.4,1.72,1,0.2921181585757551,7.8,89.01304504482611,1.8374092829501274,72.1745175178097,486,18.277072496835874,0.2921181585757551
Loma Prieta,6.93,0.22,2.5,0,0.4654889670605341,18.92,60.848976526449036,1.7149349585848088,138.32605749101074,964,16.84837550203539,0.4654889670605341
Loma Prieta,6.93,0.22,1.9,1,0.45081525272579426,12.020000000000001,65.79139283050296,2.348575156643236,96.47058124557262,876,16.514349206022768,0.45081525272579426
Loma Prieta,6.93,0.22,1.8,1,0.4461934829233257,19.29,51.85172253678159,1.7924128477754497,154.75900671721027,647,11.687762713503894,0.4461934829233257
Loma Prieta,6.93,0.22,2.7,0,0.6722273560998526,3.9699999999999998,66.57289492240021,2.011939206977107,56.33820547152705,388,1.4678161201470596,0.6722273560998526
Loma Prieta,6.93,0.22,2.1,1,0.487342970892716,19.19,62.085387696277934,1.9241692930347456,155.08911701970234,755,13.494626902605425,0.487342970892716
Edgecumbe,6.6,0.27,1.2,1,0.40362767625814405,6.2,74.60751042782009,1.7926761055987988,53.948491823488176,1375,16.78897442010394,0.40362767625814405
Northridge,6.69,0.8,3.4,1,0.18755766048624076,10.870000000000001,86.11671139891386,1.830847790187082,130.1395416848954,1024,15.581626847842514,0.18755766048624076
Chi-Chi,7.62,0.6,3.2,1,0.16027058312183778,12.46,51.50110105732222,1.8291141111245692,135.21656918285393,601,18.600229171155938,0.16027058312183778
Chi-Chi,7.62,0.6,3.2,0,0.17490826849929603,16.03,66.05797480027996,2.5542993516990413,161.35039503422956,1085,29.065307935804242,0.17490826849929603
Chi-Chi,7.62,0.6,1.4,1,0.16287911009428624,4.09,59.1695258169283,2.5944835144040725,36.90842552876111,668,29.94501204987705,0.16287911009428624
Chi-Chi,7.62,0.6,2.5,1,0.1890326763143705,14.11,83.47840517126045,2.4561947786804144,135.8281358279081,798,15.511205098871352,0.1890326763143705
Loma Prieta,6.93,0.13,1.8,0,0.803513558427004,10.48,66.62856135790044,1.8220434783962676,97.70495688165715,1084,0.32973473593382474,0.803513558427004
Loma Prieta,6.93,0.13,1.7,0,0.7096068434650504,14.06,51.60116100217993,1.793649607002337,119.5515961198486,764,1.3903431097199783,0.7096068434650504
Loma Prieta,6.93,0.26,2.4,0,0.39193309348696753,16.41,52.965520424034025,1.842409619296059,149.84291007243812,753,8.475771980170567,0.39193309348696753
Loma Prieta,6.93,0.26,1.8,0,0.4147593939465968,5.86,65.36870466709323,2.5740432087848086,56.06409046153077,843,12.104930160975567,0.4147593939465968
Westmorland,5.9,0.09,1.5,0,1.4552527918195695,10.43,80.68051965055933,1.9186990665129162,89.8859577270206,426,0.0,1.4552527918195695
Imperial Valley,6.53,0.51,1.5,0,0.23275762136205924,10.43,80.68051965055933,1.9186990665129162,89.8859577270206,426,18.389125857326068,0.23275762136205924
Superstition Hills,6.54,0.2,1.5,0,0.5926309122656038,10.43,80.68051965055933,1.9186990665129162,89.8859577270206,426,6.391960305848709,0.5926309122656038
Westmorland,5.9,0.09,1.5,0,1.4304633643564808,8.969999999999999,77.10873055773308,2.5628403481772803,85.0786631049418,549,0.0,1.4304633643564808
Imperial Valley,6.53,0.51,1.5,1,0.23155935036690678,8.969999999999999,77.10873055773308,2.5628403481772803,85.0786631049418,549,26.16130936824215,0.23155935036690678
Hyogoken-Nambu,6.9,0.65,2.0,1,0.17412159001902738,8.68,72.59119672299721,2.518436989150648,84.96058497174837,764,16.94254582891072,0.17412159001902738
Loma Prieta,6.93,0.28,1.2,1,0.4852961550541873,3.8199999999999994,89.30137762528516,1.5949106476389616,37.78243586243437,490,2.663649989077708,0.4852961550541873
Loma Prieta,6.93,0.28,1.3,1,0.3299062746539246,13.149999999999999,53.77045897884714,1.768477864871302,115.39886205914581,703,8.643794698357276,0.3299062746539246
Loma Prieta,6.93,0.4,5.6,1,0.3861898719308098,11.35,81.21080680716578,1.849891158525821,138.10679238244975,794,19.73801364954688,0.3861898719308098
Loma Prieta,6.93,0.4,6.2,0,0.7648905753649792,7.5,126.24022095362051,2.035524424112317,116.85827902505709,221,0.32239030617953,0.7648905753649792
Edgecumbe,6.6,0.42,1.6,1,0.26053610148647993,8.63,67.69562932075571,1.8164614940632686,83.71889662744675,987,24.81469163852085,0.26053610148647993
Edgecumbe,6.6,0.42,1.89,0,0.27117878120669175,11.07,69.79615285923191,1.7340897204550927,104.76842185152802,841,18.6312674237589,0.27117878120669175
Edgecumbe,6.6,0.41,2.08,0,0.2573676153973159,7.469999999999999,56.29428858781469,1.8304141108164944,77.01596450983297,948,22.805544403603214,0.2573676153973159
Hyogoken-Nambu,6.9,0.65,1.0,0,0.1870969306513188,3.5799999999999996,76.53613976875053,2.532221430964036,38.1718011977936,449,12.60593913067007,0.1870969306513188
Hyogoken-Nambu,6.9,0.6,2.4,1,0.19585924519191092,8.790000000000003,70.4124074061702,1.7971103841590177,94.25946938212269,1262,29.718953539694102,0.19585924519191092
Hyogoken-Nambu,6.9,0.6,2.4,1,0.21679871312172655,8.370000000000001,81.65861237948786,1.82946910661687,91.03385952924582,912,27.136695306797584,0.21679871312172655
Hyogoken-Nambu,6.9,0.6,2.5,1,0.16999654752714485,10.350000000000001,58.307448449361374,1.8413799163311035,96.5000455095731,979,27.85778655282402,0.16999654752714485
Hyogoken-Nambu,6.9,0.45,2.6,1,0.2738016294331575,9.690000000000001,73.88434663077113,1.7840839047278085,107.59859116453242,960,16.160414786050524,0.2738016294331575
Loma Prieta,6.93,0.28,3.0,1,0.47545668994540763,6.240000000000001,67.33228507314394,1.7991943587371362,85.78428139858124,666,9.031817866540296,0.47545668994540763
Loma Prieta,6.93,0.28,3.0,0,0.44360187151957897,15.92,70.35457070547025,2.175404719256204,167.18309604648402,1137,9.749620089103399,0.44360187151957897
Haicheng,7.0,0.3,1.52,1,0.35339063554779926,5.37,68.5544093223092,1.7876904669656493,48.32652639279239,671,23.23716637276219,0.35339063554779926
Loma Prieta,6.93,0.22,3.4,1,0.6374907151763587,8.18,78.76094388275457,1.9178956228497452,101.74567489172799,473,1.2041089625825292,0.6374907151763587
Loma Prieta,6.93,0.18,2.4,1,0.602234735032602,9.67,67.23979397776709,1.777993220213629,89.97096537500288,393,6.2719980638258885,0.602234735032602
Loma Prieta,6.93,0.18,2.4,1,0.6350401204780419,9.15,73.00338254315818,2.5628347722119265,86.17166607486311,488,6.951605145816473,0.6350401204780419
Loma Prieta,6.93,0.18,2.4,1,0.5877435068099208,9.790000000000001,64.76498445158207,1.8018508256685328,90.00937932235911,462,7.901738863994005,0.5877435068099208
Kocaeli,7.51,0.4,1.0,1,0.2146139300221443,9.96,65.42148255143555,2.317173745996731,79.17258558438141,335,13.162598957324649,0.2146139300221443
Superstition Hills,6.54,0.2,2.1,0,0.5909693842924114,14.03,68.32703682221916,2.06896636808689,129.8702973816949,883,8.99019009616472,0.5909693842924114
Elmore Ranch,6.22,0.09,2.1,0,1.3901170566894603,14.02,68.33141368609512,2.0693766853612323,129.81990662685016,883,0.0,1.3901170566894603
Westmorland,5.9,0.2,2.1,1,0.6629443219775093,14.02,68.33141368609512,2.0693766853612323,129.81990662685016,883,5.765198780030232,0.6629443219775093
Imperial Valley,6.53,0.2,2.1,1,0.5920107712546088,14.03,68.32703682221916,2.06896636808689,129.8702973816949,883,8.938499901111985,0.5920107712546088
Superstition Hills,6.54,0.18,2.1,0,0.6708930962351825,14.959999999999999,65.73031632308235,1.9781692371045867,148.58410974100636,978,2.657688948307102,0.6708930962351825
Westmorland,5.9,0.2,2.1,0,0.6805277604651576,14.959999999999999,65.73031632308235,1.9781692371045867,148.58410974100636,978,2.5903438610142233,0.6805277604651576
Imperial Valley,6.53,0.2,2.1,0,0.6049121616907737,14.959999999999999,65.73031632308235,1.9781692371045867,148.58410974100636,978,4.548971012311659,0.6049121616907737
Loma Prieta,6.93,0.38,3.5,0,0.33071595735145015,14.1,70.58250619478792,1.6450668262968002,153.07637000575096,929,17.99311805158125,0.33071595735145015
Loma Prieta,6.93,0.38,4.1,1,0.37409099452080485,10.36,80.67543447227737,1.8154025421924276,120.48871116531315,867,22.664850868766724,0.37409099452080485
Edgecumbe,6.6,0.44,0.8,1,0.19363598759108971,4.58,53.05320592641867,1.8013301222597946,36.345777423565195,1169,41.82253362734794,0.19363598759108971
Edgecumbe,6.6,0.44,0.7,0,0.21476195303832463,3.08,58.76174671837627,1.7394782035623222,25.880648605147663,1089,31.2402860826271,0.21476195303832463
Edgecumbe,6.6,0.44,0.9,0,0.24052272791039153,4.79,73.23953384603105,1.7585100218014762,40.973669127202506,1100,29.588562755768272,0.24052272791039153
Edgecumbe,6.6,0.44,0.61,1,0.20364948350459608,2.44,51.9544364670768,1.791815468823785,20.392528160755838,1322,40.282911544214215,0.20364948350459608
Loma Prieta,6.93,0.28,2.6,0,0.8422114034126873,4.43,117.0631832735946,1.495509987035017,63.87916682411553,697,0.10376860485126085,0.8422114034126873
Loma Prieta,6.93,0.28,3.7,0,0.6385838252410286,6.87,97.36649738337286,1.647612925170071,92.00143191728259,729,1.710952456476321,0.6385838252410286
Imperial Valley,6.53,0.16,0.3,1,0.6044208293670968,3.15,68.27116681164946,2.1296340076275913,27.381424184368896,738,3.8893113275430298,0.6044208293670968
Westmorland,5.9,0.17,0.3,0,0.5975230722420309,3.15,68.27116681164946,2.1296340076275913,27.381424184368896,738,3.8427762640035787,0.5975230722420309
Superstition Hills,6.6,0.19,0.3,0,0.5063556166952707,3.15,68.27116681164946,2.1296340076275913,27.381424184368896,738,5.943052700584447,0.5063556166952707
Baja,7.2,0.265,2.0,1,0.5051661162181725,5.0,79.48296031833871,2.586459858780328,61.02767993476191,1231,8.431902321075242,0.5051661162181725
Loma Prieta,6.93,0.22,0.8,1,0.42037851282161837,8.33,69.9481698134326,1.8246869680057378,64.42028785082891,813,28.890137612498663,0.42037851282161837
Hyogoken-Nambu,6.9,0.6,1.9,0,0.2714305127900195,3.5500000000000003,87.73916240382363,2.589246989528168,45.35017114611877,586,4.608609632501243,0.2714305127900195
Kocaeli,7.51,0.37,1.0,1,0.2181843387838728,11.33,69.7125745281805,2.592081624180469,73.10321883368184,205,8.375952122791048,0.2181843387838728
Loma Prieta,6.93,0.28,3.0,1,0.4686861331168679,9.420000000000002,77.62566696923562,1.8398779320594918,109.2700099524597,1128,22.75198536917904,0.4686861331168679
Loma Prieta,6.93,0.28,3.0,1,0.41169253051153115,10.47,63.30947562126946,2.5908893227825924,116.63887811691912,694,9.514745159953776,0.41169253051153115
Kocaeli,7.51,0.37,0.5,1,0.21525639914085068,2.42,49.56301271173362,1.8669553227730151,19.24706613383084,1678,49.52492863412124,0.21525639914085068
Hyogoken-Nambu,6.9,0.65,2.0,0,0.18238969672121896,10.11,75.22635076825576,2.4309503265411725,106.41802459319803,1080,16.30538022394033,0.18238969672121896
Loma Prieta,6.93,0.38,3.5,1,0.3684055345041504,11.700000000000001,84.91577998192518,2.342103713879674,128.05883920331684,885,25.252656400618818,0.3684055345041504
Achaia-Ilia,6.4,0.18,0.4,1,0.4821084569948777,3.8000000000000003,58.120111818227365,1.836128591526012,30.33316451641197,881,14.746473723747851,0.4821084569948777
Achaia-Ilia,6.4,0.18,0.4,0,0.5054023885520594,7.88,62.43050279759248,1.8748019895342618,63.57955677830627,631,3.9995810104884635,0.5054023885520594
Niigata,7.6,0.162,1.1,1,0.5182040469573701,9.5,54.680120014879456,1.8200973193816532,87.69740923726995,911,8.759794479503238,0.5182040469573701
Niigata,7.6,0.162,1.4,1,0.707588822347529,10.96,91.65877106506647,2.5588613357052683,103.99535827497982,1002,6.6581877291437035,0.707588822347529
Niigata,7.6,0.162,1.7,0,0.7716977908946883,4.71,78.43734357157062,2.5821098858162257,56.335996615519335,241,0.3372280730027539,0.7716977908946883
Hyogoken-Nambu,6.9,0.4,1.5,1,0.25084777674891656,6.3999999999999995,58.43920981518084,1.8672539112115825,65.09362634967738,796,20.31731505603801,0.25084777674891656
Loma Prieta,6.93,0.33,5.3,1,0.3659400147796224,9.930000000000001,53.026152988859316,1.7708998350101828,106.07795051035319,550,17.121583732284595,0.3659400147796224
Edgecumbe,6.6,0.26,1.3,1,0.3524437242338002,7.6000000000000005,57.41486328107868,1.752420586785269,61.95516562209647,1196,29.139153032340047,0.3524437242338002
Loma Prieta,6.93,0.12,6.4,0,1.0837043182823352,17.87,52.167356696156446,1.8110765196418264,225.26657796030858,765,0.0,1.0837043182823352
Loma Prieta,6.93,0.12,6.4,0,1.2205449788970968,19.07,67.35670782372003,2.578438559250431,237.15718866137803,803,0.0,1.2205449788970968
Tangshan,7.6,0.64,3.7,1,0.29224042904548825,5.11,98.7260436737879,2.5538394671620486,73.19900053089212,137,3.583343763590344,0.29224042904548825
Tangshan,7.6,0.64,1.1,0,0.17194542728906337,3.11,72.40447231242824,2.3197352961256006,28.12231617273008,196,7.026503853927941,0.17194542728906337
Tangshan,7.6,0.64,1.5,1,0.21147726205003842,3.91,86.07764308011227,2.3272419757049443,45.9890064959901,284,12.591330837989005,0.21147726205003842
Tangshan,7.6,0.64,3.0,1,0.2219166141294241,7.73,91.93180313201577,2.5364292480131256,96.8502792161511,522,13.925066905128318,0.2219166141294241
Tangshan,7.6,0.64,2.2,1,0.22111133732651245,11.3,106.1677812997157,2.4643218082090526,120.59031401893532,678,19.324398217584516,0.22111133732651245
Tangshan,7.6,0.64,1.1,0,0.1741386189957821,4.02,73.88793855979272,1.7179592319471002,42.42358868142937,546,23.998847635374037,0.1741386189957821
Tangshan,7.6,0.64,1.5,1,0.20844139275454668,6.710000000000001,101.48370619195484,1.9010723738871798,67.30381672904818,275,11.797443880784819,0.20844139275454668
Tangshan,7.6,0.61,0.9,1,0.19957485941126776,2.4000000000000004,76.69509982416739,1.9905750471638428,25.447561331384108,344,10.363775041893376,0.19957485941126776
Tangshan,7.6,0.58,1.1,1,0.18197416364996388,12.03,80.96841715526317,2.5294232352398756,118.61071878352355,968,15.164100871235838,0.18197416364996388
Tangshan,7.6,0.26,3.5,0,0.6094501431391903,12.16,109.86461702788407,2.0629538724256977,139.68111513968856,707,2.28329734759012,0.6094501431391903
Loma Prieta,6.93,0.13,5.0,1,1.1008974277897756,10.07,73.11732210301841,1.783967198896533,125.76035160490804,886,0.0,1.1008974277897756
Loma Prieta,6.93,0.13,4.2,0,0.865624197374817,9.74,51.583760452830845,1.8331646880607448,106.90636844033781,1185,0.26893944939509684,0.865624197374817
Hyogoken-Nambu,6.9,0.5,2.0,1,0.22110774712718803,6.580000000000001,63.22939425879668,2.4238494715475256,70.66905333143868,395,14.4926452075884,0.22110774712718803
Tohoku,9.0,0.17,1.1,0,0.4809531840801913,19.09,81.58543088457705,2.4620274498502526,182.87347183616367,1505,5.912887861180154,0.4809531840801913
Tohoku,9.0,0.18,2.5,0,0.40304054135186607,20.0,68.57823253957227,2.3508101820711396,158.04148778265125,602,6.8379496789343746,0.40304054135186607
Tohoku,9.0,0.21,1.1,1,0.35994287570550104,14.559999999999999,78.13575382051779,2.4950583669082436,116.29902181088963,954,23.54153710793183,0.35994287570550104
Tohoku,9.0,0.22,1.3,1,0.30350778788864974,18.55,65.7037089193936,1.90316781924048,136.78924807070084,809,17.729402199787366,0.30350778788864974
Tohoku,9.0,0.169,1.2,0,0.4211586736034567,19.19,72.67258710343334,1.6847872425360173,149.351101399521,905,14.387194514204678,0.4211586736034567
Tohoku,9.0,0.199,1.2,1,0.38911090069407755,13.42,79.42870285563421,2.586791176690494,107.96229556497026,939,16.48130952878619,0.38911090069407755
Tohoku,9.0,0.256,1.6,1,0.32801365249896974,11.69,80.22947397024045,2.575001870790508,103.26880596302402,1146,28.385856034424997,0.32801365249896974
Loma Prieta,6.93,0.16,1.5,0,0.7468506257634678,9.88,79.64641497688932,1.8749231151083512,104.74594290949993,957,0.7669559211711883,0.7468506257634678
Loma Prieta,6.93,0.28,2.4,1,0.3952668907447673,10.66,62.82767651467018,1.7934112179181794,116.23160178742903,1277,3.8424659022698044,0.3952668907447673
Loma Prieta,6.93,0.28,1.7,0,0.37420453591622393,12.36,67.19699562088279,2.585593033332158,111.99873791502145,918,7.613015551860112,0.37420453591622393
Loma Prieta,6.93,0.28,1.7,0,0.4658132041150494,12.65,91.03761325539236,2.144487578699975,119.40950208718728,983,4.877007252081296,0.4658132041150494
Loma Prieta,6.93,0.28,1.7,0,0.39222081497848144,10.099999999999998,70.75595051014706,1.9739630741595409,100.43040960730377,942,3.173738319582504,0.39222081497848144
Loma Prieta,6.93,0.28,2.4,1,0.4228835496166617,11.459999999999999,74.97497628887984,2.361993188198678,113.74899307461529,905,7.947993873275886,0.4228835496166617
Loma Prieta,6.93,0.28,1.3,1,0.3618800706454928,11.11,68.78656547523946,2.4880330803739774,97.04911472115111,991,12.776785372057052,0.3618800706454928
Loma Prieta,6.93,0.28,1.2,1,0.38941980653665387,11.790000000000001,77.13879901990248,2.5685789932102914,103.89603528750492,1241,16.312199883577087,0.38941980653665387
Loma Prieta,6.93,0.28,1.0,1,0.34252716685100854,5.91,61.46329220216495,1.7875305080969501,55.70465385182335,1065,16.8746199940011,0.34252716685100854
Loma Prieta,6.93,0.28,1.0,1,0.38396100879960054,11.010000000000002,78.17229350704451,2.579375288396039,95.82852218284317,1016,18.324706979417783,0.38396100879960054
Loma Prieta,6.93,0.28,1.9,1,0.3632330919504123,14.25,62.48015133354531,1.8213979660876842,121.95188270967736,805,10.153935470613064,0.3632330919504123
Loma Prieta,6.93,0.28,1.9,1,0.3550427464356073,10.03,62.76890567341007,2.5717087024934178,88.24746880634815,505,8.698694228273515,0.3550427464356073
Loma Prieta,6.93,0.28,1.8,1,0.37489551318634684,10.88,66.30407388062906,1.7728312331273153,102.8252415610996,1268,19.638636355159576,0.37489551318634684
Loma Prieta,6.93,0.28,2.5,1,0.43684597817700843,15.09,75.55239935857995,1.6398958192597162,146.24796387658193,1181,3.7481331465742036,0.43684597817700843
Loma Prieta,6.93,0.28,3.4,0,0.4485334111915158,13.549999999999999,70.592832555927,2.5858401666007964,150.60921007200588,1316,1.6452318093057783,0.4485334111915158
Loma Prieta,6.93,0.28,3.0,1,0.4271930249707219,14.98,69.42628849892738,2.198195344372135,148.7093983750533,722,9.52360940966947,0.4271930249707219
Loma Prieta,6.93,0.28,2.7,1,0.4144832663216541,14.48,68.83930348237206,2.0791592283115317,140.22156812219436,687,8.731733689982764,0.4144832663216541
Chi-Chi,7.62,0.6,1.1,1,0.16964693204573536,2.61,55.259028426037084,1.8631328908195963,24.277383734209785,547,27.154614748815725,0.16964693204573536
Edgecumbe,6.6,0.27,1.44,0,0.3429021539782181,7.82,52.00563182312744,1.8172278683897674,71.02875730436071,871,15.649309073348165,0.3429021539782181
Edgecumbe,6.6,0.27,1.44,0,0.4003148814223784,6.87,67.85278858654895,1.7946665555344024,65.62966098256427,961,15.264820501417923,0.4003148814223784
Chi-Chi,7.62,0.6,1.2,1,0.1786940001550658,10.92,83.40041497481454,2.5515214786818197,107.24028982541768,785,28.24820058433217,0.1786940001550658
Edgecumbe,6.6,0.27,2.35,1,0.48584926739239126,7.52,80.19942773893408,1.9588021743747406,76.10013536071992,539,13.843230575628782,0.48584926739239126
Edgecumbe,6.6,0.27,2.2,1,0.38616936416083225,10.620000000000001,56.07864091892106,1.7489043597751222,103.52890355159319,682,11.832428419990574,0.38616936416083225
Edgecumbe,6.6,0.27,2.2,0,0.4473654000370219,6.56,70.07687851608017,1.7589452357699273,66.96500695287529,959,11.888885528077683,0.4473654000370219
Chi-Chi,7.62,0.6,1.0,1,0.16491231631610256,4.42,70.17425708528837,2.5895430163446145,39.659684550143,529,27.953164534786026,0.16491231631610256
Chi-Chi,7.62,0.25,0.56,1,0.3329694193839002,3.47,59.82808649539358,1.764417154138699,27.112810872165266,1068,31.62259322607617,0.3329694193839002
Chi-Chi,7.62,0.25,0.7,1,0.3431714313876927,3.3200000000000003,65.09716180975111,1.8184674247344204,24.062319273429598,1006,32.219205510341936,0.3431714313876927
Chi-Chi,7.62,0.25,2.4,0,0.3923207818333038,13.72,68.36601702703258,1.70564682259764,122.5340780997104,1340,24.15981387378539,0.3923207818333038
Chi-Chi,7.62,0.25,1.7,0,0.3291792084804592,12.540000000000001,55.866995125207204,1.794607334065873,99.70389450690303,1329,28.861734024657924,0.3291792084804592
Chi-Chi,7.62,0.25,1.3,0,0.3645381866619542,11.040000000000001,72.64144634213534,2.586037692043792,87.89781403377937,857,22.457709401646614,0.3645381866619542
Chi-Chi,7.62,0.25,1.2,0,0.3418874989917661,10.9,61.08521663989896,1.7661843764050627,92.56802001736804,1189,25.521122117708632,0.3418874989917661
Chi-Chi,7.62,0.25,1.9,0,0.36130430352318416,18.830000000000002,57.57593988641034,1.7875779831580925,158.65674425321222,1041,21.6531711243286,0.36130430352318416
Chi-Chi,7.62,0.25,2.9,0,0.3959442839560786,15.74,68.0148415278045,2.534389359247985,134.9661134335368,716,15.288415112036732,0.3959442839560786
Chi-Chi,7.62,0.25,1.1,0,0.3778462074544619,6.43,71.3243187553712,2.4856282066298894,55.4165866955194,1357,31.36846075781849,0.3778462074544619
Chi-Chi,7.62,0.25,1.5,0,0.3747915995560032,14.409999999999998,70.12866907192446,2.5988126297228957,120.99173867640101,1358,27.38164831531352,0.3747915995560032
Chi-Chi,7.62,0.25,2.5,0,0.3686475006448514,19.27,58.454780056905236,1.8613477227634299,159.16068386882964,864,18.62353624567912,0.3686475006448514
Chi-Chi,7.62,0.25,0.6,1,0.3183926931303782,12.73,61.44832027369727,1.79409615292689,95.90662566610129,1192,33.876265306342425,0.3183926931303782
Chi-Chi,7.62,0.25,1.1,1,0.3477956428939931,16.61,63.191316310124144,1.8001683145629979,130.79976483322804,1530,36.98593210327929,0.3477956428939931
Chi-Chi,7.62,0.25,1.2,1,0.33974096640146334,13.3,63.45166933006974,1.7170127451633166,104.42431408016171,1577,35.925653708167125,0.33974096640146334
Chi-Chi,7.62,0.25,3.5,1,0.4800892456772506,11.379999999999999,83.00002133309752,1.759492772711484,112.61062813786216,698,15.83137151339002,0.4800892456772506
Chi-Chi,7.62,0.25,1.4,0,0.3408627812738709,9.1,62.28873603119367,1.8703212555451965,72.87485615228046,1353,31.574614026897518,0.3408627812738709
Chi-Chi,7.62,0.25,0.7,1,0.3502446397095778,7.47,72.09959433238733,1.78911339548155,58.969273320929744,1035,34.24601143128743,0.3502446397095778
Chi-Chi,7.62,0.25,1.4,0,0.37653688992127193,11.36,76.27532172057543,1.8028131845747126,90.25166851521091,1292,28.792351277986008,0.37653688992127193
Kocaeli,7.51,0.37,1.0,1,0.24312937107967827,7.65,68.75971834842905,1.876760010437442,63.18084397943204,1000,33.01223215579476,0.24312937107967827
Hyogoken-Nambu,6.9,0.5,3.0,0,0.22105493147516558,15.770000000000001,52.61888910840423,1.7780135136586965,172.29046321158694,718,11.698620141087144,0.22105493147516558
